file_id,project_id,project_name,source_file,file_type,relative_path,absolute_path,file_size_bytes,modified_time,status,error_message
636ee6f15b02,a_comprehensive_learning_management__system_(lms)_for_mental_health_&_addictions__program_at_the_izaak_walton_killam_health__centre,A Comprehensive Learning Management  System (LMS) for Mental Health & Addictions  Program at the Izaak Walton Killam HEALTH  CENTRE,2025-0388 Addendum 1-0373981.pdf,pdf,Tenders - Raw and Annotated/A Comprehensive Learning Management  System (LMS) for Mental Health & Addictions  Program at the Izaak Walton Killam HEALTH  CENTRE/A Comprehensive Learning Management System (LMS) for Mental Health and Addictions Program at IWK/2025-0388 Addendum 1-0373981.pdf,D:\Artificial intelligence\SDA\rfp_project_final\RFP_Project\data\raw\Tenders - Raw and Annotated\A Comprehensive Learning Management  System (LMS) for Mental Health & Addictions  Program at the Izaak Walton Killam HEALTH  CENTRE\A Comprehensive Learning Management System (LMS) for Mental Health and Addictions Program at IWK\2025-0388 Addendum 1-0373981.pdf,248575,2026-06-10T03:00:56,pending,
418ad085f181,a_comprehensive_learning_management__system_(lms)_for_mental_health_&_addictions__program_at_the_izaak_walton_killam_health__centre,A Comprehensive Learning Management  System (LMS) for Mental Health & Addictions  Program at the Izaak Walton Killam HEALTH  CENTRE,2025-0388 IWK RFP - MHA Learning Platform-0407688.pdf,pdf,Tenders - Raw and Annotated/A Comprehensive Learning Management  System (LMS) for Mental Health & Addictions  Program at the Izaak Walton Killam HEALTH  CENTRE/A Comprehensive Learning Management System (LMS) for Mental Health and Addictions Program at IWK/2025-0388 IWK RFP - MHA Learning Platform-0407688.pdf,D:\Artificial intelligence\SDA\rfp_project_final\RFP_Project\data\raw\Tenders - Raw and Annotated\A Comprehensive Learning Management  System (LMS) for Mental Health & Addictions  Program at the Izaak Walton Killam HEALTH  CENTRE\A Comprehensive Learning Management System (LMS) for Mental Health and Addictions Program at IWK\2025-0388 IWK RFP - MHA Learning Platform-0407688.pdf,383048,2026-06-10T03:00:54,pending,
9fede60dc116,a_comprehensive_learning_management__system_(lms)_for_mental_health_&_addictions__program_at_the_izaak_walton_killam_health__centre,A Comprehensive Learning Management  System (LMS) for Mental Health & Addictions  Program at the Izaak Walton Killam HEALTH  CENTRE,Appendix A - IWK Standard Form of Agreement-1252946.pdf,pdf,Tenders - Raw and Annotated/A Comprehensive Learning Management  System (LMS) for Mental Health & Addictions  Program at the Izaak Walton Killam HEALTH  CENTRE/A Comprehensive Learning Management System (LMS) for Mental Health and Addictions Program at IWK/Appendix A - IWK Standard Form of Agreement-1252946.pdf,D:\Artificial intelligence\SDA\rfp_project_final\RFP_Project\data\raw\Tenders - Raw and Annotated\A Comprehensive Learning Management  System (LMS) for Mental Health & Addictions  Program at the Izaak Walton Killam HEALTH  CENTRE\A Comprehensive Learning Management System (LMS) for Mental Health and Addictions Program at IWK\Appendix A - IWK Standard Form of Agreement-1252946.pdf,350744,2026-06-10T03:00:54,pending,
3488c9b5643f,ab_2025_03859___ai_resume_tool_(career_bridge_centre),AB-2025-03859 - AI Resume Tool (Career Bridge Centre),EOI 2025- AI Resume Tool (CB) - May 2025 (2).pdf,pdf,Tenders - Raw and Annotated/AB-2025-03859 - AI Resume Tool (Career Bridge Centre)/AB-2025-03859 - AI Resume Tool (Career Bridge Centre) Raw/EOI 2025- AI Resume Tool (CB) - May 2025 (2).pdf,D:\Artificial intelligence\SDA\rfp_project_final\RFP_Project\data\raw\Tenders - Raw and Annotated\AB-2025-03859 - AI Resume Tool (Career Bridge Centre)\AB-2025-03859 - AI Resume Tool (Career Bridge Centre) Raw\EOI 2025- AI Resume Tool (CB) - May 2025 (2).pdf,451813,2026-06-10T03:01:02,pending,
4904f17acee3,advancing_data_governance,Advancing Data Governance,Attachment 1_AcceptanceForm_CFP2025-02.pdf,pdf,Tenders - Raw and Annotated/Advancing Data Governance/Advancing Data Governance - Raw/Attachment 1_AcceptanceForm_CFP2025-02.pdf,D:\Artificial intelligence\SDA\rfp_project_final\RFP_Project\data\raw\Tenders - Raw and Annotated\Advancing Data Governance\Advancing Data Governance - Raw\Attachment 1_AcceptanceForm_CFP2025-02.pdf,78613,2026-06-10T03:00:56,pending,
1e700d923fb2,advancing_data_governance,Advancing Data Governance,Attachment_2_Financial_Template_2025-02_EN.pdf,pdf,Tenders - Raw and Annotated/Advancing Data Governance/Advancing Data Governance - Raw/Attachment_2_Financial_Template_2025-02_EN.pdf,D:\Artificial intelligence\SDA\rfp_project_final\RFP_Project\data\raw\Tenders - Raw and Annotated\Advancing Data Governance\Advancing Data Governance - Raw\Attachment_2_Financial_Template_2025-02_EN.pdf,185113,2026-06-10T03:00:58,pending,
8a7ca5ae6d13,advancing_data_governance,Advancing Data Governance,SCC_CFP_2025-02-Questions-Answers_v.1_2025-08-29_EN-FR.pdf,pdf,Tenders - Raw and Annotated/Advancing Data Governance/Advancing Data Governance - Raw/SCC_CFP_2025-02-Questions-Answers_v.1_2025-08-29_EN-FR.pdf,D:\Artificial intelligence\SDA\rfp_project_final\RFP_Project\data\raw\Tenders - Raw and Annotated\Advancing Data Governance\Advancing Data Governance - Raw\SCC_CFP_2025-02-Questions-Answers_v.1_2025-08-29_EN-FR.pdf,145834,2026-06-10T03:00:56,pending,
b46e8988c037,advancing_data_governance,Advancing Data Governance,SCC_REQ_CFP-2025-02-Advancing Data Governance_Amendment 1_EN.pdf,pdf,Tenders - Raw and Annotated/Advancing Data Governance/Advancing Data Governance - Raw/SCC_REQ_CFP-2025-02-Advancing Data Governance_Amendment 1_EN.pdf,D:\Artificial intelligence\SDA\rfp_project_final\RFP_Project\data\raw\Tenders - Raw and Annotated\Advancing Data Governance\Advancing Data Governance - Raw\SCC_REQ_CFP-2025-02-Advancing Data Governance_Amendment 1_EN.pdf,1123794,2026-06-10T03:00:58,pending,
a66c10fabf41,advancing_data_governance,Advancing Data Governance,SCC_REQ_CFP-2025-02-Advancing Data Governance_EN.pdf,pdf,Tenders - Raw and Annotated/Advancing Data Governance/Advancing Data Governance - Raw/SCC_REQ_CFP-2025-02-Advancing Data Governance_EN.pdf,D:\Artificial intelligence\SDA\rfp_project_final\RFP_Project\data\raw\Tenders - Raw and Annotated\Advancing Data Governance\Advancing Data Governance - Raw\SCC_REQ_CFP-2025-02-Advancing Data Governance_EN.pdf,804057,2026-06-10T03:00:58,pending,
e4101e311ff3,aglc___automation_agency_of_record,AGLC - Automation Agency of Record,1-Corporate Policy 17. 8 Artificial Intelligence.pdf,pdf,Tenders - Raw and Annotated/AGLC - Automation Agency of Record/AGLC - Automation Agency of Record - Raw/1-Corporate Policy 17. 8 Artificial Intelligence.pdf,D:\Artificial intelligence\SDA\rfp_project_final\RFP_Project\data\raw\Tenders - Raw and Annotated\AGLC - Automation Agency of Record\AGLC - Automation Agency of Record - Raw\1-Corporate Policy 17. 8 Artificial Intelligence.pdf,175656,2026-06-10T03:01:04,pending,
542bed0f8c00,aglc___automation_agency_of_record,AGLC - Automation Agency of Record,10-RFSQ 2025-002 Amendment 07.docx,docx,Tenders - Raw and Annotated/AGLC - Automation Agency of Record/AGLC - Automation Agency of Record - Raw/10-RFSQ 2025-002 Amendment 07.docx,D:\Artificial intelligence\SDA\rfp_project_final\RFP_Project\data\raw\Tenders - Raw and Annotated\AGLC - Automation Agency of Record\AGLC - Automation Agency of Record - Raw\10-RFSQ 2025-002 Amendment 07.docx,78667,2026-06-10T03:01:04,pending,
e4c555ef70e3,aglc___automation_agency_of_record,AGLC - Automation Agency of Record,2-RFSQ 2025-002 (Roster with Pricing) Automation Agency of Record.docx,docx,Tenders - Raw and Annotated/AGLC - Automation Agency of Record/AGLC - Automation Agency of Record - Raw/2-RFSQ 2025-002 (Roster with Pricing) Automation Agency of Record.docx,D:\Artificial intelligence\SDA\rfp_project_final\RFP_Project\data\raw\Tenders - Raw and Annotated\AGLC - Automation Agency of Record\AGLC - Automation Agency of Record - Raw\2-RFSQ 2025-002 (Roster with Pricing) Automation Agency of Record.docx,950660,2026-06-10T03:01:02,pending,
dfb0b5281064,aglc___automation_agency_of_record,AGLC - Automation Agency of Record,3-Appendix A Form of Agreement (Master Roster Framework Agreement).docx,docx,Tenders - Raw and Annotated/AGLC - Automation Agency of Record/AGLC - Automation Agency of Record - Raw/3-Appendix A Form of Agreement (Master Roster Framework Agreement).docx,D:\Artificial intelligence\SDA\rfp_project_final\RFP_Project\data\raw\Tenders - Raw and Annotated\AGLC - Automation Agency of Record\AGLC - Automation Agency of Record - Raw\3-Appendix A Form of Agreement (Master Roster Framework Agreement).docx,820921,2026-06-10T03:01:04,pending,
d5e53491a705,aglc___automation_agency_of_record,AGLC - Automation Agency of Record,4-RFSQ 2025-002 Amendment 01.docx,docx,Tenders - Raw and Annotated/AGLC - Automation Agency of Record/AGLC - Automation Agency of Record - Raw/4-RFSQ 2025-002 Amendment 01.docx,D:\Artificial intelligence\SDA\rfp_project_final\RFP_Project\data\raw\Tenders - Raw and Annotated\AGLC - Automation Agency of Record\AGLC - Automation Agency of Record - Raw\4-RFSQ 2025-002 Amendment 01.docx,82467,2026-06-10T03:01:04,pending,
3d0031c302c0,aglc___automation_agency_of_record,AGLC - Automation Agency of Record,5-RFSQ 2025-002 Amendment 02.docx,docx,Tenders - Raw and Annotated/AGLC - Automation Agency of Record/AGLC - Automation Agency of Record - Raw/5-RFSQ 2025-002 Amendment 02.docx,D:\Artificial intelligence\SDA\rfp_project_final\RFP_Project\data\raw\Tenders - Raw and Annotated\AGLC - Automation Agency of Record\AGLC - Automation Agency of Record - Raw\5-RFSQ 2025-002 Amendment 02.docx,79484,2026-06-10T03:01:04,pending,
c34eddc40e42,aglc___automation_agency_of_record,AGLC - Automation Agency of Record,6-RFSQ 2025-002 Amendment 03.docx,docx,Tenders - Raw and Annotated/AGLC - Automation Agency of Record/AGLC - Automation Agency of Record - Raw/6-RFSQ 2025-002 Amendment 03.docx,D:\Artificial intelligence\SDA\rfp_project_final\RFP_Project\data\raw\Tenders - Raw and Annotated\AGLC - Automation Agency of Record\AGLC - Automation Agency of Record - Raw\6-RFSQ 2025-002 Amendment 03.docx,78715,2026-06-10T03:01:04,pending,
f64db3137681,aglc___automation_agency_of_record,AGLC - Automation Agency of Record,7-RFSQ 2025-002 Amendment 04.docx,docx,Tenders - Raw and Annotated/AGLC - Automation Agency of Record/AGLC - Automation Agency of Record - Raw/7-RFSQ 2025-002 Amendment 04.docx,D:\Artificial intelligence\SDA\rfp_project_final\RFP_Project\data\raw\Tenders - Raw and Annotated\AGLC - Automation Agency of Record\AGLC - Automation Agency of Record - Raw\7-RFSQ 2025-002 Amendment 04.docx,81256,2026-06-10T03:01:02,pending,
746c4dcd8fbd,aglc___automation_agency_of_record,AGLC - Automation Agency of Record,8-RFSQ 2025-002 Amendment 05.docx,docx,Tenders - Raw and Annotated/AGLC - Automation Agency of Record/AGLC - Automation Agency of Record - Raw/8-RFSQ 2025-002 Amendment 05.docx,D:\Artificial intelligence\SDA\rfp_project_final\RFP_Project\data\raw\Tenders - Raw and Annotated\AGLC - Automation Agency of Record\AGLC - Automation Agency of Record - Raw\8-RFSQ 2025-002 Amendment 05.docx,79254,2026-06-10T03:01:02,pending,
c095ad4213f1,aglc___automation_agency_of_record,AGLC - Automation Agency of Record,9-RFSQ 2025-002 Amendment 06.docx,docx,Tenders - Raw and Annotated/AGLC - Automation Agency of Record/AGLC - Automation Agency of Record - Raw/9-RFSQ 2025-002 Amendment 06.docx,D:\Artificial intelligence\SDA\rfp_project_final\RFP_Project\data\raw\Tenders - Raw and Annotated\AGLC - Automation Agency of Record\AGLC - Automation Agency of Record - Raw\9-RFSQ 2025-002 Amendment 06.docx,82118,2026-06-10T03:01:04,pending,
7681fe6bf98e,automated_truck_data_collection_using_machine_learning_(rfi),Automated Truck Data Collection Using Machine Learning (RFI),Appendix_A_-_Submission_Declaration_Form.docx,docx,Tenders - Raw and Annotated/Automated Truck Data Collection Using Machine Learning (RFI)/Automated Truck Data Collection Using Machine Learning (RFI) - Raw/Appendix_A_-_Submission_Declaration_Form.docx,D:\Artificial intelligence\SDA\rfp_project_final\RFP_Project\data\raw\Tenders - Raw and Annotated\Automated Truck Data Collection Using Machine Learning (RFI)\Automated Truck Data Collection Using Machine Learning (RFI) - Raw\Appendix_A_-_Submission_Declaration_Form.docx,36199,2026-06-10T03:00:58,pending,
d8b974876ec5,automated_truck_data_collection_using_machine_learning_(rfi),Automated Truck Data Collection Using Machine Learning (RFI),Appendix_B_-_Submission_Response_Form.docx,docx,Tenders - Raw and Annotated/Automated Truck Data Collection Using Machine Learning (RFI)/Automated Truck Data Collection Using Machine Learning (RFI) - Raw/Appendix_B_-_Submission_Response_Form.docx,D:\Artificial intelligence\SDA\rfp_project_final\RFP_Project\data\raw\Tenders - Raw and Annotated\Automated Truck Data Collection Using Machine Learning (RFI)\Automated Truck Data Collection Using Machine Learning (RFI) - Raw\Appendix_B_-_Submission_Response_Form.docx,50922,2026-06-10T03:00:58,pending,
75dfabfd251a,automated_truck_data_collection_using_machine_learning_(rfi),Automated Truck Data Collection Using Machine Learning (RFI),RFI_Automated_Truck_Data_Collection.pdf,pdf,Tenders - Raw and Annotated/Automated Truck Data Collection Using Machine Learning (RFI)/Automated Truck Data Collection Using Machine Learning (RFI) - Raw/RFI_Automated_Truck_Data_Collection.pdf,D:\Artificial intelligence\SDA\rfp_project_final\RFP_Project\data\raw\Tenders - Raw and Annotated\Automated Truck Data Collection Using Machine Learning (RFI)\Automated Truck Data Collection Using Machine Learning (RFI) - Raw\RFI_Automated_Truck_Data_Collection.pdf,662404,2026-06-10T03:00:58,pending,
46ea879be100,city_of_calgary___negotiated_request_for_proposal___rfp_24_1659_–_learning_experience_platform,City of Calgary - Negotiated Request for Proposal - RFP 24-1659 – Learning Experience Platform,RFP 24-1659 Appendix G - Business Questionnaire.docx,docx,Tenders - Raw and Annotated/City of Calgary - Negotiated Request for Proposal - RFP 24-1659 – Learning Experience Platform/City of Calgary - Negotiated Request for Proposal - RFP 24-1659 – Learning Experience Platform Raw/RFP 24-1659 Appendix G - Business Questionnaire.docx,D:\Artificial intelligence\SDA\rfp_project_final\RFP_Project\data\raw\Tenders - Raw and Annotated\City of Calgary - Negotiated Request for Proposal - RFP 24-1659 – Learning Experience Platform\City of Calgary - Negotiated Request for Proposal - RFP 24-1659 – Learning Experience Platform Raw\RFP 24-1659 Appendix G - Business Questionnaire.docx,365591,2026-06-10T03:01:04,pending,
aea35e86954d,city_of_calgary___negotiated_request_for_proposal___rfp_24_1659_–_learning_experience_platform,City of Calgary - Negotiated Request for Proposal - RFP 24-1659 – Learning Experience Platform,RFP 24-1659 Appendix K - IT Technical Questionnaire Cloud.docx,docx,Tenders - Raw and Annotated/City of Calgary - Negotiated Request for Proposal - RFP 24-1659 – Learning Experience Platform/City of Calgary - Negotiated Request for Proposal - RFP 24-1659 – Learning Experience Platform Raw/RFP 24-1659 Appendix K - IT Technical Questionnaire Cloud.docx,D:\Artificial intelligence\SDA\rfp_project_final\RFP_Project\data\raw\Tenders - Raw and Annotated\City of Calgary - Negotiated Request for Proposal - RFP 24-1659 – Learning Experience Platform\City of Calgary - Negotiated Request for Proposal - RFP 24-1659 – Learning Experience Platform Raw\RFP 24-1659 Appendix K - IT Technical Questionnaire Cloud.docx,690218,2026-06-10T03:01:02,pending,
9c54531fc187,city_of_calgary___negotiated_request_for_proposal___rfp_24_1659_–_learning_experience_platform,City of Calgary - Negotiated Request for Proposal - RFP 24-1659 – Learning Experience Platform,RFP 24-1659 Learning Experience Platform.docx,docx,Tenders - Raw and Annotated/City of Calgary - Negotiated Request for Proposal - RFP 24-1659 – Learning Experience Platform/City of Calgary - Negotiated Request for Proposal - RFP 24-1659 – Learning Experience Platform Raw/RFP 24-1659 Learning Experience Platform.docx,D:\Artificial intelligence\SDA\rfp_project_final\RFP_Project\data\raw\Tenders - Raw and Annotated\City of Calgary - Negotiated Request for Proposal - RFP 24-1659 – Learning Experience Platform\City of Calgary - Negotiated Request for Proposal - RFP 24-1659 – Learning Experience Platform Raw\RFP 24-1659 Learning Experience Platform.docx,529607,2026-06-10T03:01:04,pending,
5a31c8acff78,consulting_services_for_artificial_intelligence_and_business_intelligence_solutions,Consulting Services for Artificial Intelligence and Business Intelligence Solutions,FileSummary.pdf,pdf,Tenders - Raw and Annotated/Consulting Services for Artificial Intelligence and Business Intelligence Solutions/Consulting Services for Artificial Intelligence and Business Intelligence Solutions - Raw/FileSummary.pdf,D:\Artificial intelligence\SDA\rfp_project_final\RFP_Project\data\raw\Tenders - Raw and Annotated\Consulting Services for Artificial Intelligence and Business Intelligence Solutions\Consulting Services for Artificial Intelligence and Business Intelligence Solutions - Raw\FileSummary.pdf,1911,2026-06-10T03:01:00,pending,
f7eefd302da8,consulting_services_for_artificial_intelligence_and_business_intelligence_solutions,Consulting Services for Artificial Intelligence and Business Intelligence Solutions,Addendum 1 - COL-25-111.pdf,pdf,Tenders - Raw and Annotated/Consulting Services for Artificial Intelligence and Business Intelligence Solutions/Consulting Services for Artificial Intelligence and Business Intelligence Solutions - Raw/Addenda/Addendum 1 - COL-25-111.pdf,D:\Artificial intelligence\SDA\rfp_project_final\RFP_Project\data\raw\Tenders - Raw and Annotated\Consulting Services for Artificial Intelligence and Business Intelligence Solutions\Consulting Services for Artificial Intelligence and Business Intelligence Solutions - Raw\Addenda\Addendum 1 - COL-25-111.pdf,274103,2026-06-10T03:01:02,pending,
bd6d3dcf6e86,consulting_services_for_artificial_intelligence_and_business_intelligence_solutions,Consulting Services for Artificial Intelligence and Business Intelligence Solutions,Addendum 2 - COL-25-111.pdf,pdf,Tenders - Raw and Annotated/Consulting Services for Artificial Intelligence and Business Intelligence Solutions/Consulting Services for Artificial Intelligence and Business Intelligence Solutions - Raw/Addenda/Addendum 2 - COL-25-111.pdf,D:\Artificial intelligence\SDA\rfp_project_final\RFP_Project\data\raw\Tenders - Raw and Annotated\Consulting Services for Artificial Intelligence and Business Intelligence Solutions\Consulting Services for Artificial Intelligence and Business Intelligence Solutions - Raw\Addenda\Addendum 2 - COL-25-111.pdf,277199,2026-06-10T03:01:02,pending,
bf8725aebbf0,consulting_services_for_artificial_intelligence_and_business_intelligence_solutions,Consulting Services for Artificial Intelligence and Business Intelligence Solutions,Attachment 1 - Indemnification & Insurance.pdf,pdf,Tenders - Raw and Annotated/Consulting Services for Artificial Intelligence and Business Intelligence Solutions/Consulting Services for Artificial Intelligence and Business Intelligence Solutions - Raw/Documents/Attachment 1 - Indemnification & Insurance.pdf,D:\Artificial intelligence\SDA\rfp_project_final\RFP_Project\data\raw\Tenders - Raw and Annotated\Consulting Services for Artificial Intelligence and Business Intelligence Solutions\Consulting Services for Artificial Intelligence and Business Intelligence Solutions - Raw\Documents\Attachment 1 - Indemnification & Insurance.pdf,879532,2026-06-10T03:01:00,pending,
eff83044c343,consulting_services_for_artificial_intelligence_and_business_intelligence_solutions,Consulting Services for Artificial Intelligence and Business Intelligence Solutions,COL-25-111 RFQ.pdf,pdf,Tenders - Raw and Annotated/Consulting Services for Artificial Intelligence and Business Intelligence Solutions/Consulting Services for Artificial Intelligence and Business Intelligence Solutions - Raw/Documents/COL-25-111 RFQ.pdf,D:\Artificial intelligence\SDA\rfp_project_final\RFP_Project\data\raw\Tenders - Raw and Annotated\Consulting Services for Artificial Intelligence and Business Intelligence Solutions\Consulting Services for Artificial Intelligence and Business Intelligence Solutions - Raw\Documents\COL-25-111 RFQ.pdf,461835,2026-06-10T03:01:02,pending,
fcbafc6d3bdc,csv_download_integration_services_for_data_centre,CSV Download Integration Services for Data Centre,RFP21426003-CSV-Download-Integration-Services-for-Data-Centre_2025-08-26-163851_caqf.pdf,pdf,Tenders - Raw and Annotated/CSV Download Integration Services for Data Centre/CSV Download Integration Services for Data Centre - Raw/RFP21426003-CSV-Download-Integration-Services-for-Data-Centre_2025-08-26-163851_caqf.pdf,D:\Artificial intelligence\SDA\rfp_project_final\RFP_Project\data\raw\Tenders - Raw and Annotated\CSV Download Integration Services for Data Centre\CSV Download Integration Services for Data Centre - Raw\RFP21426003-CSV-Download-Integration-Services-for-Data-Centre_2025-08-26-163851_caqf.pdf,315102,2026-06-10T03:00:56,pending,
22e3c08eadb0,"eco_canada,_digital_courses_development___ai_in_the_ocean_sector","ECO Canada, Digital Courses Development - AI in the Ocean Sector",ECO Canada AI in the Ocean Sector Digital Learning(DOCX) (1).pdf,pdf,"Tenders - Raw and Annotated/ECO Canada, Digital Courses Development - AI in the Ocean Sector/ECO Canada, Digital Courses Development - AI in the Ocean Sector - Raw/ECO Canada AI in the Ocean Sector Digital Learning(DOCX) (1).pdf","D:\Artificial intelligence\SDA\rfp_project_final\RFP_Project\data\raw\Tenders - Raw and Annotated\ECO Canada, Digital Courses Development - AI in the Ocean Sector\ECO Canada, Digital Courses Development - AI in the Ocean Sector - Raw\ECO Canada AI in the Ocean Sector Digital Learning(DOCX) (1).pdf",740788,2026-06-10T03:00:58,pending,
96482e28fb38,glenbow_alberta_institute___website_development,Glenbow-Alberta Institute - Website Development,AB-2025-04837-2025 Glenbow Website RFP Question Answers_20250805.pdf,pdf,Tenders - Raw and Annotated/Glenbow-Alberta Institute - Website Development/Glenbow-Alberta Institute - Website Development - Raw/AB-2025-04837-2025 Glenbow Website RFP Question Answers_20250805.pdf,D:\Artificial intelligence\SDA\rfp_project_final\RFP_Project\data\raw\Tenders - Raw and Annotated\Glenbow-Alberta Institute - Website Development\Glenbow-Alberta Institute - Website Development - Raw\AB-2025-04837-2025 Glenbow Website RFP Question Answers_20250805.pdf,177572,2026-06-10T03:00:56,pending,
3dda6db44c2a,glenbow_alberta_institute___website_development,Glenbow-Alberta Institute - Website Development,AB-2025-04837-2025_RFP_Glenbow_Website_Development_20250715.pdf,pdf,Tenders - Raw and Annotated/Glenbow-Alberta Institute - Website Development/Glenbow-Alberta Institute - Website Development - Raw/AB-2025-04837-2025_RFP_Glenbow_Website_Development_20250715.pdf,D:\Artificial intelligence\SDA\rfp_project_final\RFP_Project\data\raw\Tenders - Raw and Annotated\Glenbow-Alberta Institute - Website Development\Glenbow-Alberta Institute - Website Development - Raw\AB-2025-04837-2025_RFP_Glenbow_Website_Development_20250715.pdf,203023,2026-06-10T03:00:56,pending,
fe2e73adbd1d,learning_material_design,Learning Material Design,WCB - 25P.00014 Meeting Minutes.pdf,pdf,Tenders - Raw and Annotated/Learning Material Design/Learning Materials Design and Development Services _ 25P.00014 - Raw/WCB - 25P.00014 Meeting Minutes.pdf,D:\Artificial intelligence\SDA\rfp_project_final\RFP_Project\data\raw\Tenders - Raw and Annotated\Learning Material Design\Learning Materials Design and Development Services _ 25P.00014 - Raw\WCB - 25P.00014 Meeting Minutes.pdf,151224,2026-06-10T03:00:58,pending,
fe8595472b6d,learning_material_design,Learning Material Design,WCB - Addendum #1.pdf,pdf,Tenders - Raw and Annotated/Learning Material Design/Learning Materials Design and Development Services _ 25P.00014 - Raw/WCB - Addendum #1.pdf,D:\Artificial intelligence\SDA\rfp_project_final\RFP_Project\data\raw\Tenders - Raw and Annotated\Learning Material Design\Learning Materials Design and Development Services _ 25P.00014 - Raw\WCB - Addendum #1.pdf,107503,2026-06-10T03:00:56,pending,
a96278ce76ca,learning_material_design,Learning Material Design,WCB-25_1.PDF,pdf,Tenders - Raw and Annotated/Learning Material Design/Learning Materials Design and Development Services _ 25P.00014 - Raw/WCB-25_1.PDF,D:\Artificial intelligence\SDA\rfp_project_final\RFP_Project\data\raw\Tenders - Raw and Annotated\Learning Material Design\Learning Materials Design and Development Services _ 25P.00014 - Raw\WCB-25_1.PDF,1121042,2026-06-10T03:00:58,pending,
3dc4bed60828,nov5alex___building_automation_system_service_provider,Nov5Alex - Building Automation System Service Provider,Building Automation System Service Provider Addendum 1.pdf,pdf,Tenders - Raw and Annotated/Nov5Alex - Building Automation System Service Provider/Building Automation System Service Provider - Raw/Building Automation System Service Provider Addendum 1.pdf,D:\Artificial intelligence\SDA\rfp_project_final\RFP_Project\data\raw\Tenders - Raw and Annotated\Nov5Alex - Building Automation System Service Provider\Building Automation System Service Provider - Raw\Building Automation System Service Provider Addendum 1.pdf,181976,2026-06-10T03:01:00,pending,
dbc9a68201fd,nov5alex___building_automation_system_service_provider,Nov5Alex - Building Automation System Service Provider,Building Automation System Service Provider Addendum 2.pdf,pdf,Tenders - Raw and Annotated/Nov5Alex - Building Automation System Service Provider/Building Automation System Service Provider - Raw/Building Automation System Service Provider Addendum 2.pdf,D:\Artificial intelligence\SDA\rfp_project_final\RFP_Project\data\raw\Tenders - Raw and Annotated\Nov5Alex - Building Automation System Service Provider\Building Automation System Service Provider - Raw\Building Automation System Service Provider Addendum 2.pdf,166767,2026-06-10T03:01:00,pending,
795bf436e41f,nov5alex___building_automation_system_service_provider,Nov5Alex - Building Automation System Service Provider,Building Automation System Service Provider RFP (2).pdf,pdf,Tenders - Raw and Annotated/Nov5Alex - Building Automation System Service Provider/Building Automation System Service Provider - Raw/Building Automation System Service Provider RFP (2).pdf,D:\Artificial intelligence\SDA\rfp_project_final\RFP_Project\data\raw\Tenders - Raw and Annotated\Nov5Alex - Building Automation System Service Provider\Building Automation System Service Provider - Raw\Building Automation System Service Provider RFP (2).pdf,1173934,2026-06-10T03:01:00,pending,
166372d3721c,nov5alex___business_analysis_services,Nov5Alex - Business Analysis Services,AB-2025-05867-Appendix A - RFP Contract.pdf,pdf,Tenders - Raw and Annotated/Nov5Alex - Business Analysis Services/Business Analysis Services - Raw/AB-2025-05867-Appendix A - RFP Contract.pdf,D:\Artificial intelligence\SDA\rfp_project_final\RFP_Project\data\raw\Tenders - Raw and Annotated\Nov5Alex - Business Analysis Services\Business Analysis Services - Raw\AB-2025-05867-Appendix A - RFP Contract.pdf,226185,2026-06-10T03:01:00,pending,
f5ca683d2f88,nov5alex___business_analysis_services,Nov5Alex - Business Analysis Services,AB-2025-05867-RFP No. EDC-25-09 BusinessAnalysis - 2025-09-08 (1).docx,docx,Tenders - Raw and Annotated/Nov5Alex - Business Analysis Services/Business Analysis Services - Raw/AB-2025-05867-RFP No. EDC-25-09 BusinessAnalysis - 2025-09-08 (1).docx,D:\Artificial intelligence\SDA\rfp_project_final\RFP_Project\data\raw\Tenders - Raw and Annotated\Nov5Alex - Business Analysis Services\Business Analysis Services - Raw\AB-2025-05867-RFP No. EDC-25-09 BusinessAnalysis - 2025-09-08 (1).docx,609727,2026-06-10T03:01:00,pending,
9f9230de420c,nov5alex___cloud_based_enterprise_learning_management_system_(lms)_for_department_wide_use_at_public_safety_canada,Nov5Alex - Cloud-based Enterprise Learning Management System (LMS) for department wide use at Public Safety Canada,NPP - EN (1).pdf,pdf,Tenders - Raw and Annotated/Nov5Alex - Cloud-based Enterprise Learning Management System (LMS) for department wide use at Public Safety Canada/Cloud-based Enterprise Learning Management System (LMS) for department wide use at Public Safety Canada - Raw/NPP - EN (1).pdf,D:\Artificial intelligence\SDA\rfp_project_final\RFP_Project\data\raw\Tenders - Raw and Annotated\Nov5Alex - Cloud-based Enterprise Learning Management System (LMS) for department wide use at Public Safety Canada\Cloud-based Enterprise Learning Management System (LMS) for department wide use at Public Safety Canada - Raw\NPP - EN (1).pdf,212174,2026-06-10T03:01:02,pending,
c7e081fa6d09,nov5alex___cloud_based_enterprise_learning_management_system_(lms)_for_department_wide_use_at_public_safety_canada,Nov5Alex - Cloud-based Enterprise Learning Management System (LMS) for department wide use at Public Safety Canada,RFP - LMS - EN (1).pdf,pdf,Tenders - Raw and Annotated/Nov5Alex - Cloud-based Enterprise Learning Management System (LMS) for department wide use at Public Safety Canada/Cloud-based Enterprise Learning Management System (LMS) for department wide use at Public Safety Canada - Raw/RFP - LMS - EN (1).pdf,D:\Artificial intelligence\SDA\rfp_project_final\RFP_Project\data\raw\Tenders - Raw and Annotated\Nov5Alex - Cloud-based Enterprise Learning Management System (LMS) for department wide use at Public Safety Canada\Cloud-based Enterprise Learning Management System (LMS) for department wide use at Public Safety Canada - Raw\RFP - LMS - EN (1).pdf,2687972,2026-06-10T03:01:02,pending,
4b1d4ffd6de0,nov5alex___cloud_based_enterprise_learning_management_system_(lms)_for_department_wide_use_at_public_safety_canada,Nov5Alex - Cloud-based Enterprise Learning Management System (LMS) for department wide use at Public Safety Canada,Solicitation Amendment  3 - EN (1).pdf,pdf,Tenders - Raw and Annotated/Nov5Alex - Cloud-based Enterprise Learning Management System (LMS) for department wide use at Public Safety Canada/Cloud-based Enterprise Learning Management System (LMS) for department wide use at Public Safety Canada - Raw/Solicitation Amendment  3 - EN (1).pdf,D:\Artificial intelligence\SDA\rfp_project_final\RFP_Project\data\raw\Tenders - Raw and Annotated\Nov5Alex - Cloud-based Enterprise Learning Management System (LMS) for department wide use at Public Safety Canada\Cloud-based Enterprise Learning Management System (LMS) for department wide use at Public Safety Canada - Raw\Solicitation Amendment  3 - EN (1).pdf,579621,2026-06-10T03:01:02,pending,
779991a19f3b,nov5alex___cloud_based_enterprise_learning_management_system_(lms)_for_department_wide_use_at_public_safety_canada,Nov5Alex - Cloud-based Enterprise Learning Management System (LMS) for department wide use at Public Safety Canada,Solicitation Amendment 1 - EN (1).pdf,pdf,Tenders - Raw and Annotated/Nov5Alex - Cloud-based Enterprise Learning Management System (LMS) for department wide use at Public Safety Canada/Cloud-based Enterprise Learning Management System (LMS) for department wide use at Public Safety Canada - Raw/Solicitation Amendment 1 - EN (1).pdf,D:\Artificial intelligence\SDA\rfp_project_final\RFP_Project\data\raw\Tenders - Raw and Annotated\Nov5Alex - Cloud-based Enterprise Learning Management System (LMS) for department wide use at Public Safety Canada\Cloud-based Enterprise Learning Management System (LMS) for department wide use at Public Safety Canada - Raw\Solicitation Amendment 1 - EN (1).pdf,755427,2026-06-10T03:01:00,pending,
773643f23ba8,nov5alex___cloud_based_enterprise_learning_management_system_(lms)_for_department_wide_use_at_public_safety_canada,Nov5Alex - Cloud-based Enterprise Learning Management System (LMS) for department wide use at Public Safety Canada,Solicitation Amendment 1 - EN (2).pdf,pdf,Tenders - Raw and Annotated/Nov5Alex - Cloud-based Enterprise Learning Management System (LMS) for department wide use at Public Safety Canada/Cloud-based Enterprise Learning Management System (LMS) for department wide use at Public Safety Canada - Raw/Solicitation Amendment 1 - EN (2).pdf,D:\Artificial intelligence\SDA\rfp_project_final\RFP_Project\data\raw\Tenders - Raw and Annotated\Nov5Alex - Cloud-based Enterprise Learning Management System (LMS) for department wide use at Public Safety Canada\Cloud-based Enterprise Learning Management System (LMS) for department wide use at Public Safety Canada - Raw\Solicitation Amendment 1 - EN (2).pdf,755427,2026-06-10T03:01:00,pending,
1edb198cd8b5,nov5alex___cloud_based_enterprise_learning_management_system_(lms)_for_department_wide_use_at_public_safety_canada,Nov5Alex - Cloud-based Enterprise Learning Management System (LMS) for department wide use at Public Safety Canada,Solicitation Amendment 2 - EN (1).pdf,pdf,Tenders - Raw and Annotated/Nov5Alex - Cloud-based Enterprise Learning Management System (LMS) for department wide use at Public Safety Canada/Cloud-based Enterprise Learning Management System (LMS) for department wide use at Public Safety Canada - Raw/Solicitation Amendment 2 - EN (1).pdf,D:\Artificial intelligence\SDA\rfp_project_final\RFP_Project\data\raw\Tenders - Raw and Annotated\Nov5Alex - Cloud-based Enterprise Learning Management System (LMS) for department wide use at Public Safety Canada\Cloud-based Enterprise Learning Management System (LMS) for department wide use at Public Safety Canada - Raw\Solicitation Amendment 2 - EN (1).pdf,636749,2026-06-10T03:01:00,pending,
f5e50efd61af,nov5alex___cloud_based_enterprise_learning_management_system_(lms)_for_department_wide_use_at_public_safety_canada,Nov5Alex - Cloud-based Enterprise Learning Management System (LMS) for department wide use at Public Safety Canada,Solicitation Amendment 4 - EN (1).pdf,pdf,Tenders - Raw and Annotated/Nov5Alex - Cloud-based Enterprise Learning Management System (LMS) for department wide use at Public Safety Canada/Cloud-based Enterprise Learning Management System (LMS) for department wide use at Public Safety Canada - Raw/Solicitation Amendment 4 - EN (1).pdf,D:\Artificial intelligence\SDA\rfp_project_final\RFP_Project\data\raw\Tenders - Raw and Annotated\Nov5Alex - Cloud-based Enterprise Learning Management System (LMS) for department wide use at Public Safety Canada\Cloud-based Enterprise Learning Management System (LMS) for department wide use at Public Safety Canada - Raw\Solicitation Amendment 4 - EN (1).pdf,413697,2026-06-10T03:01:02,pending,
bed1333b514b,nov5alex___cloud_based_enterprise_learning_management_system_(lms)_for_department_wide_use_at_public_safety_canada,Nov5Alex - Cloud-based Enterprise Learning Management System (LMS) for department wide use at Public Safety Canada,Solicitation Amendment 5 - EN (1).pdf,pdf,Tenders - Raw and Annotated/Nov5Alex - Cloud-based Enterprise Learning Management System (LMS) for department wide use at Public Safety Canada/Cloud-based Enterprise Learning Management System (LMS) for department wide use at Public Safety Canada - Raw/Solicitation Amendment 5 - EN (1).pdf,D:\Artificial intelligence\SDA\rfp_project_final\RFP_Project\data\raw\Tenders - Raw and Annotated\Nov5Alex - Cloud-based Enterprise Learning Management System (LMS) for department wide use at Public Safety Canada\Cloud-based Enterprise Learning Management System (LMS) for department wide use at Public Safety Canada - Raw\Solicitation Amendment 5 - EN (1).pdf,1047501,2026-06-10T03:01:02,pending,
25ace50d96b3,nov5alex___cloud_based_enterprise_learning_management_system_(lms)_for_department_wide_use_at_public_safety_canada,Nov5Alex - Cloud-based Enterprise Learning Management System (LMS) for department wide use at Public Safety Canada,Solicitation Amendment 6 - EN (1).pdf,pdf,Tenders - Raw and Annotated/Nov5Alex - Cloud-based Enterprise Learning Management System (LMS) for department wide use at Public Safety Canada/Cloud-based Enterprise Learning Management System (LMS) for department wide use at Public Safety Canada - Raw/Solicitation Amendment 6 - EN (1).pdf,D:\Artificial intelligence\SDA\rfp_project_final\RFP_Project\data\raw\Tenders - Raw and Annotated\Nov5Alex - Cloud-based Enterprise Learning Management System (LMS) for department wide use at Public Safety Canada\Cloud-based Enterprise Learning Management System (LMS) for department wide use at Public Safety Canada - Raw\Solicitation Amendment 6 - EN (1).pdf,779809,2026-06-10T03:01:00,pending,
8256ccd53f20,nov5alex___cloud_based_enterprise_learning_management_system_(lms)_for_department_wide_use_at_public_safety_canada,Nov5Alex - Cloud-based Enterprise Learning Management System (LMS) for department wide use at Public Safety Canada,Solicitation Amendment 7 - EN (1).pdf,pdf,Tenders - Raw and Annotated/Nov5Alex - Cloud-based Enterprise Learning Management System (LMS) for department wide use at Public Safety Canada/Cloud-based Enterprise Learning Management System (LMS) for department wide use at Public Safety Canada - Raw/Solicitation Amendment 7 - EN (1).pdf,D:\Artificial intelligence\SDA\rfp_project_final\RFP_Project\data\raw\Tenders - Raw and Annotated\Nov5Alex - Cloud-based Enterprise Learning Management System (LMS) for department wide use at Public Safety Canada\Cloud-based Enterprise Learning Management System (LMS) for department wide use at Public Safety Canada - Raw\Solicitation Amendment 7 - EN (1).pdf,806022,2026-06-10T03:01:02,pending,
4bc444e19066,nov5alex___economic_data_delivered_as_web_services,Nov5Alex - Economic Data Delivered as Web Services,RFP26JEG51_-_Appendix_B___.pdf,pdf,Tenders - Raw and Annotated/Nov5Alex - Economic Data Delivered as Web Services/Economic Data Delivered as Web Services - Raw/RFP26JEG51_-_Appendix_B___.pdf,D:\Artificial intelligence\SDA\rfp_project_final\RFP_Project\data\raw\Tenders - Raw and Annotated\Nov5Alex - Economic Data Delivered as Web Services\Economic Data Delivered as Web Services - Raw\RFP26JEG51_-_Appendix_B___.pdf,208306,2026-06-10T03:01:00,pending,
a2eaedc6aa64,nov5alex___economic_data_delivered_as_web_services,Nov5Alex - Economic Data Delivered as Web Services,RFP26JEG51_-_Appendix_C__.pdf,pdf,Tenders - Raw and Annotated/Nov5Alex - Economic Data Delivered as Web Services/Economic Data Delivered as Web Services - Raw/RFP26JEG51_-_Appendix_C__.pdf,D:\Artificial intelligence\SDA\rfp_project_final\RFP_Project\data\raw\Tenders - Raw and Annotated\Nov5Alex - Economic Data Delivered as Web Services\Economic Data Delivered as Web Services - Raw\RFP26JEG51_-_Appendix_C__.pdf,112167,2026-06-10T03:01:00,pending,
debaf9a060c7,nov5alex___economic_data_delivered_as_web_services,Nov5Alex - Economic Data Delivered as Web Services,RFP26JEG51__.pdf,pdf,Tenders - Raw and Annotated/Nov5Alex - Economic Data Delivered as Web Services/Economic Data Delivered as Web Services - Raw/RFP26JEG51__.pdf,D:\Artificial intelligence\SDA\rfp_project_final\RFP_Project\data\raw\Tenders - Raw and Annotated\Nov5Alex - Economic Data Delivered as Web Services\Economic Data Delivered as Web Services - Raw\RFP26JEG51__.pdf,281611,2026-06-10T03:01:00,pending,
46b6edab991c,nov5alex___information_technology_partner,Nov5Alex - Information Technology Partner,2025-27-P IT Partner(PDF) (1).pdf,pdf,Tenders - Raw and Annotated/Nov5Alex - Information Technology Partner/Information Technology Partner - Raw/2025-27-P IT Partner(PDF) (1).pdf,D:\Artificial intelligence\SDA\rfp_project_final\RFP_Project\data\raw\Tenders - Raw and Annotated\Nov5Alex - Information Technology Partner\Information Technology Partner - Raw\2025-27-P IT Partner(PDF) (1).pdf,815194,2026-06-10T03:01:00,pending,
36d357638cb1,nov5alex___request_for_proposals_for_transportation_services_contract_management_curriculum___content_development_&_delivery_in_digital_(video_based)_learning_modules_format,Nov5Alex - Request for Proposals for Transportation Services Contract Management Curriculum - Content Development & Delivery in Digital (Video-Based) Learning Modules Format,NPP - EN.pdf,pdf,Tenders - Raw and Annotated/Nov5Alex - Request for Proposals for Transportation Services Contract Management Curriculum - Content Development & Delivery in Digital (Video-Based) Learning Modules Format/NPP - EN.pdf,D:\Artificial intelligence\SDA\rfp_project_final\RFP_Project\data\raw\Tenders - Raw and Annotated\Nov5Alex - Request for Proposals for Transportation Services Contract Management Curriculum - Content Development & Delivery in Digital (Video-Based) Learning Modules Format\NPP - EN.pdf,212174,2026-06-10T03:00:56,pending,
bc849bad5a21,nov5alex___request_for_proposals_for_transportation_services_contract_management_curriculum___content_development_&_delivery_in_digital_(video_based)_learning_modules_format,Nov5Alex - Request for Proposals for Transportation Services Contract Management Curriculum - Content Development & Delivery in Digital (Video-Based) Learning Modules Format,RFP - LMS - EN.pdf,pdf,Tenders - Raw and Annotated/Nov5Alex - Request for Proposals for Transportation Services Contract Management Curriculum - Content Development & Delivery in Digital (Video-Based) Learning Modules Format/RFP - LMS - EN.pdf,D:\Artificial intelligence\SDA\rfp_project_final\RFP_Project\data\raw\Tenders - Raw and Annotated\Nov5Alex - Request for Proposals for Transportation Services Contract Management Curriculum - Content Development & Delivery in Digital (Video-Based) Learning Modules Format\RFP - LMS - EN.pdf,2687972,2026-06-10T03:00:58,pending,
74e6292d2ca1,nov5alex___request_for_proposals_for_transportation_services_contract_management_curriculum___content_development_&_delivery_in_digital_(video_based)_learning_modules_format,Nov5Alex - Request for Proposals for Transportation Services Contract Management Curriculum - Content Development & Delivery in Digital (Video-Based) Learning Modules Format,Solicitation Amendment  3 - EN.pdf,pdf,Tenders - Raw and Annotated/Nov5Alex - Request for Proposals for Transportation Services Contract Management Curriculum - Content Development & Delivery in Digital (Video-Based) Learning Modules Format/Solicitation Amendment  3 - EN.pdf,D:\Artificial intelligence\SDA\rfp_project_final\RFP_Project\data\raw\Tenders - Raw and Annotated\Nov5Alex - Request for Proposals for Transportation Services Contract Management Curriculum - Content Development & Delivery in Digital (Video-Based) Learning Modules Format\Solicitation Amendment  3 - EN.pdf,579621,2026-06-10T03:00:56,pending,
eb69b98e14b0,nov5alex___request_for_proposals_for_transportation_services_contract_management_curriculum___content_development_&_delivery_in_digital_(video_based)_learning_modules_format,Nov5Alex - Request for Proposals for Transportation Services Contract Management Curriculum - Content Development & Delivery in Digital (Video-Based) Learning Modules Format,Solicitation Amendment 1 - EN.pdf,pdf,Tenders - Raw and Annotated/Nov5Alex - Request for Proposals for Transportation Services Contract Management Curriculum - Content Development & Delivery in Digital (Video-Based) Learning Modules Format/Solicitation Amendment 1 - EN.pdf,D:\Artificial intelligence\SDA\rfp_project_final\RFP_Project\data\raw\Tenders - Raw and Annotated\Nov5Alex - Request for Proposals for Transportation Services Contract Management Curriculum - Content Development & Delivery in Digital (Video-Based) Learning Modules Format\Solicitation Amendment 1 - EN.pdf,755427,2026-06-10T03:00:56,pending,
af9edec3b10e,nov5alex___request_for_proposals_for_transportation_services_contract_management_curriculum___content_development_&_delivery_in_digital_(video_based)_learning_modules_format,Nov5Alex - Request for Proposals for Transportation Services Contract Management Curriculum - Content Development & Delivery in Digital (Video-Based) Learning Modules Format,Solicitation Amendment 2 - EN.pdf,pdf,Tenders - Raw and Annotated/Nov5Alex - Request for Proposals for Transportation Services Contract Management Curriculum - Content Development & Delivery in Digital (Video-Based) Learning Modules Format/Solicitation Amendment 2 - EN.pdf,D:\Artificial intelligence\SDA\rfp_project_final\RFP_Project\data\raw\Tenders - Raw and Annotated\Nov5Alex - Request for Proposals for Transportation Services Contract Management Curriculum - Content Development & Delivery in Digital (Video-Based) Learning Modules Format\Solicitation Amendment 2 - EN.pdf,636749,2026-06-10T03:00:54,pending,
ffd1562c7fa5,nov5alex___request_for_proposals_for_transportation_services_contract_management_curriculum___content_development_&_delivery_in_digital_(video_based)_learning_modules_format,Nov5Alex - Request for Proposals for Transportation Services Contract Management Curriculum - Content Development & Delivery in Digital (Video-Based) Learning Modules Format,Solicitation Amendment 4 - EN.pdf,pdf,Tenders - Raw and Annotated/Nov5Alex - Request for Proposals for Transportation Services Contract Management Curriculum - Content Development & Delivery in Digital (Video-Based) Learning Modules Format/Solicitation Amendment 4 - EN.pdf,D:\Artificial intelligence\SDA\rfp_project_final\RFP_Project\data\raw\Tenders - Raw and Annotated\Nov5Alex - Request for Proposals for Transportation Services Contract Management Curriculum - Content Development & Delivery in Digital (Video-Based) Learning Modules Format\Solicitation Amendment 4 - EN.pdf,413697,2026-06-10T03:00:56,pending,
0bb03feb283d,nov5alex___request_for_proposals_for_transportation_services_contract_management_curriculum___content_development_&_delivery_in_digital_(video_based)_learning_modules_format,Nov5Alex - Request for Proposals for Transportation Services Contract Management Curriculum - Content Development & Delivery in Digital (Video-Based) Learning Modules Format,Solicitation Amendment 5 - EN.pdf,pdf,Tenders - Raw and Annotated/Nov5Alex - Request for Proposals for Transportation Services Contract Management Curriculum - Content Development & Delivery in Digital (Video-Based) Learning Modules Format/Solicitation Amendment 5 - EN.pdf,D:\Artificial intelligence\SDA\rfp_project_final\RFP_Project\data\raw\Tenders - Raw and Annotated\Nov5Alex - Request for Proposals for Transportation Services Contract Management Curriculum - Content Development & Delivery in Digital (Video-Based) Learning Modules Format\Solicitation Amendment 5 - EN.pdf,1047501,2026-06-10T03:00:56,pending,
40b26d07dd4c,nov5alex___request_for_proposals_for_transportation_services_contract_management_curriculum___content_development_&_delivery_in_digital_(video_based)_learning_modules_format,Nov5Alex - Request for Proposals for Transportation Services Contract Management Curriculum - Content Development & Delivery in Digital (Video-Based) Learning Modules Format,Solicitation Amendment 6 - EN.pdf,pdf,Tenders - Raw and Annotated/Nov5Alex - Request for Proposals for Transportation Services Contract Management Curriculum - Content Development & Delivery in Digital (Video-Based) Learning Modules Format/Solicitation Amendment 6 - EN.pdf,D:\Artificial intelligence\SDA\rfp_project_final\RFP_Project\data\raw\Tenders - Raw and Annotated\Nov5Alex - Request for Proposals for Transportation Services Contract Management Curriculum - Content Development & Delivery in Digital (Video-Based) Learning Modules Format\Solicitation Amendment 6 - EN.pdf,779809,2026-06-10T03:00:56,pending,
a125127c0291,nov5alex___request_for_proposals_for_transportation_services_contract_management_curriculum___content_development_&_delivery_in_digital_(video_based)_learning_modules_format,Nov5Alex - Request for Proposals for Transportation Services Contract Management Curriculum - Content Development & Delivery in Digital (Video-Based) Learning Modules Format,Solicitation Amendment 7 - EN.pdf,pdf,Tenders - Raw and Annotated/Nov5Alex - Request for Proposals for Transportation Services Contract Management Curriculum - Content Development & Delivery in Digital (Video-Based) Learning Modules Format/Solicitation Amendment 7 - EN.pdf,D:\Artificial intelligence\SDA\rfp_project_final\RFP_Project\data\raw\Tenders - Raw and Annotated\Nov5Alex - Request for Proposals for Transportation Services Contract Management Curriculum - Content Development & Delivery in Digital (Video-Based) Learning Modules Format\Solicitation Amendment 7 - EN.pdf,806022,2026-06-10T03:00:56,pending,
644c90c12500,nov5alex___rfp_it_202508_01___data_governance,Nov5Alex - RFP-IT-202508-01 - Data Governance,PART 1 - nRFP Process - RFP-IT-202508-01(PDF) (1).pdf,pdf,Tenders - Raw and Annotated/Nov5Alex - RFP-IT-202508-01 - Data Governance/RFP-IT-202508-01 - Data Governance - Raw/PART 1 - nRFP Process - RFP-IT-202508-01(PDF) (1).pdf,D:\Artificial intelligence\SDA\rfp_project_final\RFP_Project\data\raw\Tenders - Raw and Annotated\Nov5Alex - RFP-IT-202508-01 - Data Governance\RFP-IT-202508-01 - Data Governance - Raw\PART 1 - nRFP Process - RFP-IT-202508-01(PDF) (1).pdf,476390,2026-06-10T03:01:00,pending,
7654a5bfd297,nov5alex___rfp_it_202508_01___data_governance,Nov5Alex - RFP-IT-202508-01 - Data Governance,PART 2- TPA_Parking Tech and Hardware MSA Template -RFP-IT-202508-01(PDF).pdf,pdf,Tenders - Raw and Annotated/Nov5Alex - RFP-IT-202508-01 - Data Governance/RFP-IT-202508-01 - Data Governance - Raw/PART 2- TPA_Parking Tech and Hardware MSA Template -RFP-IT-202508-01(PDF).pdf,D:\Artificial intelligence\SDA\rfp_project_final\RFP_Project\data\raw\Tenders - Raw and Annotated\Nov5Alex - RFP-IT-202508-01 - Data Governance\RFP-IT-202508-01 - Data Governance - Raw\PART 2- TPA_Parking Tech and Hardware MSA Template -RFP-IT-202508-01(PDF).pdf,1529205,2026-06-10T03:01:02,pending,
83807a06e925,nov5alex___rfp_it_202508_01___data_governance,Nov5Alex - RFP-IT-202508-01 - Data Governance,PART 3 - Requirements for Deliverables - RFP-IT-202508-01(PDF).pdf,pdf,Tenders - Raw and Annotated/Nov5Alex - RFP-IT-202508-01 - Data Governance/RFP-IT-202508-01 - Data Governance - Raw/PART 3 - Requirements for Deliverables - RFP-IT-202508-01(PDF).pdf,D:\Artificial intelligence\SDA\rfp_project_final\RFP_Project\data\raw\Tenders - Raw and Annotated\Nov5Alex - RFP-IT-202508-01 - Data Governance\RFP-IT-202508-01 - Data Governance - Raw\PART 3 - Requirements for Deliverables - RFP-IT-202508-01(PDF).pdf,376656,2026-06-10T03:01:02,pending,
79e0afc07acd,nov5alex___rfp_it_202508_01___data_governance,Nov5Alex - RFP-IT-202508-01 - Data Governance,PART 4 - Form A Bid Submission Form -RFP-IT-202508-01(PDF).pdf,pdf,Tenders - Raw and Annotated/Nov5Alex - RFP-IT-202508-01 - Data Governance/RFP-IT-202508-01 - Data Governance - Raw/PART 4 - Form A Bid Submission Form -RFP-IT-202508-01(PDF).pdf,D:\Artificial intelligence\SDA\rfp_project_final\RFP_Project\data\raw\Tenders - Raw and Annotated\Nov5Alex - RFP-IT-202508-01 - Data Governance\RFP-IT-202508-01 - Data Governance - Raw\PART 4 - Form A Bid Submission Form -RFP-IT-202508-01(PDF).pdf,161045,2026-06-10T03:01:00,pending,
52720848a244,nov5alex___rfp_it_202508_01___data_governance,Nov5Alex - RFP-IT-202508-01 - Data Governance,PART 4 - Form B Technical Proposal and Qualifications- RFP-IT-202508-01(PDF).pdf,pdf,Tenders - Raw and Annotated/Nov5Alex - RFP-IT-202508-01 - Data Governance/RFP-IT-202508-01 - Data Governance - Raw/PART 4 - Form B Technical Proposal and Qualifications- RFP-IT-202508-01(PDF).pdf,D:\Artificial intelligence\SDA\rfp_project_final\RFP_Project\data\raw\Tenders - Raw and Annotated\Nov5Alex - RFP-IT-202508-01 - Data Governance\RFP-IT-202508-01 - Data Governance - Raw\PART 4 - Form B Technical Proposal and Qualifications- RFP-IT-202508-01(PDF).pdf,223808,2026-06-10T03:01:02,pending,
922014a8a961,nov5alex___rfp_it_202508_01___data_governance,Nov5Alex - RFP-IT-202508-01 - Data Governance,RFP-IT-202508-01_Addendum 1(PDF).pdf,pdf,Tenders - Raw and Annotated/Nov5Alex - RFP-IT-202508-01 - Data Governance/RFP-IT-202508-01 - Data Governance - Raw/RFP-IT-202508-01_Addendum 1(PDF).pdf,D:\Artificial intelligence\SDA\rfp_project_final\RFP_Project\data\raw\Tenders - Raw and Annotated\Nov5Alex - RFP-IT-202508-01 - Data Governance\RFP-IT-202508-01 - Data Governance - Raw\RFP-IT-202508-01_Addendum 1(PDF).pdf,123329,2026-06-10T03:01:00,pending,
5ce078c54ee1,nov5alex___self_sustaining_application_services_sow_under_application_master_services_agreement ,Nov5Alex - Self-Sustaining Application Services SOW under Application Master Services Agreement ,"AB-2025-05863-AMSA SOW_288PA-AMSA2018.1.03-0051 (Final) September 5, 2025 (2).docx",docx,"Tenders - Raw and Annotated/Nov5Alex - Self-Sustaining Application Services SOW under Application Master Services Agreement /Self-Sustaining Application Services SOW under Application Master Services Agreement - Raw/AB-2025-05863-AMSA SOW_288PA-AMSA2018.1.03-0051 (Final) September 5, 2025 (2).docx","D:\Artificial intelligence\SDA\rfp_project_final\RFP_Project\data\raw\Tenders - Raw and Annotated\Nov5Alex - Self-Sustaining Application Services SOW under Application Master Services Agreement \Self-Sustaining Application Services SOW under Application Master Services Agreement - Raw\AB-2025-05863-AMSA SOW_288PA-AMSA2018.1.03-0051 (Final) September 5, 2025 (2).docx",295904,2026-06-10T03:00:58,pending,
3b8fbf2dbc37,nov5alex___self_sustaining_application_services_sow_under_application_master_services_agreement ,Nov5Alex - Self-Sustaining Application Services SOW under Application Master Services Agreement ,AB-2025-05863-Update 01 Extension.pdf,pdf,Tenders - Raw and Annotated/Nov5Alex - Self-Sustaining Application Services SOW under Application Master Services Agreement /Self-Sustaining Application Services SOW under Application Master Services Agreement - Raw/AB-2025-05863-Update 01 Extension.pdf,D:\Artificial intelligence\SDA\rfp_project_final\RFP_Project\data\raw\Tenders - Raw and Annotated\Nov5Alex - Self-Sustaining Application Services SOW under Application Master Services Agreement \Self-Sustaining Application Services SOW under Application Master Services Agreement - Raw\AB-2025-05863-Update 01 Extension.pdf,158785,2026-06-10T03:00:58,pending,
687efdd4f055,nov5alex___self_sustaining_application_services_sow_under_application_master_services_agreement ,Nov5Alex - Self-Sustaining Application Services SOW under Application Master Services Agreement ,AB-2025-05863-Update 02.pdf,pdf,Tenders - Raw and Annotated/Nov5Alex - Self-Sustaining Application Services SOW under Application Master Services Agreement /Self-Sustaining Application Services SOW under Application Master Services Agreement - Raw/AB-2025-05863-Update 02.pdf,D:\Artificial intelligence\SDA\rfp_project_final\RFP_Project\data\raw\Tenders - Raw and Annotated\Nov5Alex - Self-Sustaining Application Services SOW under Application Master Services Agreement \Self-Sustaining Application Services SOW under Application Master Services Agreement - Raw\AB-2025-05863-Update 02.pdf,220672,2026-06-10T03:00:58,pending,
effb501ea716,nov5alex___self_sustaining_application_services_sow_under_application_master_services_agreement ,Nov5Alex - Self-Sustaining Application Services SOW under Application Master Services Agreement ,AB-2025-05863-Update 03.pdf,pdf,Tenders - Raw and Annotated/Nov5Alex - Self-Sustaining Application Services SOW under Application Master Services Agreement /Self-Sustaining Application Services SOW under Application Master Services Agreement - Raw/AB-2025-05863-Update 03.pdf,D:\Artificial intelligence\SDA\rfp_project_final\RFP_Project\data\raw\Tenders - Raw and Annotated\Nov5Alex - Self-Sustaining Application Services SOW under Application Master Services Agreement \Self-Sustaining Application Services SOW under Application Master Services Agreement - Raw\AB-2025-05863-Update 03.pdf,214739,2026-06-10T03:00:58,pending,
51296bd33c60,nov5alex___self_sustaining_application_services_sow_under_application_master_services_agreement ,Nov5Alex - Self-Sustaining Application Services SOW under Application Master Services Agreement ,AB-2025-05863-Update 04.pdf,pdf,Tenders - Raw and Annotated/Nov5Alex - Self-Sustaining Application Services SOW under Application Master Services Agreement /Self-Sustaining Application Services SOW under Application Master Services Agreement - Raw/AB-2025-05863-Update 04.pdf,D:\Artificial intelligence\SDA\rfp_project_final\RFP_Project\data\raw\Tenders - Raw and Annotated\Nov5Alex - Self-Sustaining Application Services SOW under Application Master Services Agreement \Self-Sustaining Application Services SOW under Application Master Services Agreement - Raw\AB-2025-05863-Update 04.pdf,199808,2026-06-10T03:00:58,pending,
1df5287aacdf,nov5alex___self_sustaining_application_services_sow_under_application_master_services_agreement ,Nov5Alex - Self-Sustaining Application Services SOW under Application Master Services Agreement ,AB-2025-05863-Update 05.pdf,pdf,Tenders - Raw and Annotated/Nov5Alex - Self-Sustaining Application Services SOW under Application Master Services Agreement /Self-Sustaining Application Services SOW under Application Master Services Agreement - Raw/AB-2025-05863-Update 05.pdf,D:\Artificial intelligence\SDA\rfp_project_final\RFP_Project\data\raw\Tenders - Raw and Annotated\Nov5Alex - Self-Sustaining Application Services SOW under Application Master Services Agreement \Self-Sustaining Application Services SOW under Application Master Services Agreement - Raw\AB-2025-05863-Update 05.pdf,308530,2026-06-10T03:00:58,pending,
4dbd0599bada,nov5alex___self_sustaining_application_services_sow_under_application_master_services_agreement ,Nov5Alex - Self-Sustaining Application Services SOW under Application Master Services Agreement ,AB-2025-05863-Update 06.pdf,pdf,Tenders - Raw and Annotated/Nov5Alex - Self-Sustaining Application Services SOW under Application Master Services Agreement /Self-Sustaining Application Services SOW under Application Master Services Agreement - Raw/AB-2025-05863-Update 06.pdf,D:\Artificial intelligence\SDA\rfp_project_final\RFP_Project\data\raw\Tenders - Raw and Annotated\Nov5Alex - Self-Sustaining Application Services SOW under Application Master Services Agreement \Self-Sustaining Application Services SOW under Application Master Services Agreement - Raw\AB-2025-05863-Update 06.pdf,170966,2026-06-10T03:00:58,pending,
2e0ef8d3e9dd,nov5alex___self_sustaining_application_services_sow_under_application_master_services_agreement ,Nov5Alex - Self-Sustaining Application Services SOW under Application Master Services Agreement ,AB-2025-05863-Update 07.pdf,pdf,Tenders - Raw and Annotated/Nov5Alex - Self-Sustaining Application Services SOW under Application Master Services Agreement /Self-Sustaining Application Services SOW under Application Master Services Agreement - Raw/AB-2025-05863-Update 07.pdf,D:\Artificial intelligence\SDA\rfp_project_final\RFP_Project\data\raw\Tenders - Raw and Annotated\Nov5Alex - Self-Sustaining Application Services SOW under Application Master Services Agreement \Self-Sustaining Application Services SOW under Application Master Services Agreement - Raw\AB-2025-05863-Update 07.pdf,157876,2026-06-10T03:01:00,pending,
e36fa1014c5d,nov5alex___wrcc_knowledge_exchange_platform,Nov5Alex - WRCC Knowledge Exchange Platform,Appendix I(PDF).pdf,pdf,Tenders - Raw and Annotated/Nov5Alex - WRCC Knowledge Exchange Platform/WRCC Knowledge Exchange Platform - Raw/Appendix I(PDF).pdf,D:\Artificial intelligence\SDA\rfp_project_final\RFP_Project\data\raw\Tenders - Raw and Annotated\Nov5Alex - WRCC Knowledge Exchange Platform\WRCC Knowledge Exchange Platform - Raw\Appendix I(PDF).pdf,2999077,2026-06-10T03:01:00,pending,
5cdfbb9c5ddb,nov5alex___wrcc_knowledge_exchange_platform,Nov5Alex - WRCC Knowledge Exchange Platform,attachment-download (1).pdf,pdf,Tenders - Raw and Annotated/Nov5Alex - WRCC Knowledge Exchange Platform/WRCC Knowledge Exchange Platform - Raw/attachment-download (1).pdf,D:\Artificial intelligence\SDA\rfp_project_final\RFP_Project\data\raw\Tenders - Raw and Annotated\Nov5Alex - WRCC Knowledge Exchange Platform\WRCC Knowledge Exchange Platform - Raw\attachment-download (1).pdf,94908,2026-06-10T03:00:56,pending,
f290cb4ca213,nov5alex___wrcc_knowledge_exchange_platform,Nov5Alex - WRCC Knowledge Exchange Platform,attachment-download.pdf,pdf,Tenders - Raw and Annotated/Nov5Alex - WRCC Knowledge Exchange Platform/WRCC Knowledge Exchange Platform - Raw/attachment-download.pdf,D:\Artificial intelligence\SDA\rfp_project_final\RFP_Project\data\raw\Tenders - Raw and Annotated\Nov5Alex - WRCC Knowledge Exchange Platform\WRCC Knowledge Exchange Platform - Raw\attachment-download.pdf,217286,2026-06-10T03:00:56,pending,
7b757b30ec24,nov5alex___wrcc_knowledge_exchange_platform,Nov5Alex - WRCC Knowledge Exchange Platform,WRCC_RFP_Managed Service Provider(PDF) (1).pdf,pdf,Tenders - Raw and Annotated/Nov5Alex - WRCC Knowledge Exchange Platform/WRCC Knowledge Exchange Platform - Raw/WRCC_RFP_Managed Service Provider(PDF) (1).pdf,D:\Artificial intelligence\SDA\rfp_project_final\RFP_Project\data\raw\Tenders - Raw and Annotated\Nov5Alex - WRCC Knowledge Exchange Platform\WRCC Knowledge Exchange Platform - Raw\WRCC_RFP_Managed Service Provider(PDF) (1).pdf,243467,2026-06-10T03:00:58,pending,
3080869f404a,nov5alex__satellite_ais_data_services,Nov5Alex- Satellite AIS Data Services,w6431-25-0150-rfp-amendment-001-english.pdf,pdf,Tenders - Raw and Annotated/Nov5Alex- Satellite AIS Data Services/Satellite AIS Data Services - Raw/w6431-25-0150-rfp-amendment-001-english.pdf,D:\Artificial intelligence\SDA\rfp_project_final\RFP_Project\data\raw\Tenders - Raw and Annotated\Nov5Alex- Satellite AIS Data Services\Satellite AIS Data Services - Raw\w6431-25-0150-rfp-amendment-001-english.pdf,423457,2026-06-10T03:00:56,pending,
1a5a540590d9,nov5alex__satellite_ais_data_services,Nov5Alex- Satellite AIS Data Services,w6431-25-0150-rfp-amendment-002-english.pdf,pdf,Tenders - Raw and Annotated/Nov5Alex- Satellite AIS Data Services/Satellite AIS Data Services - Raw/w6431-25-0150-rfp-amendment-002-english.pdf,D:\Artificial intelligence\SDA\rfp_project_final\RFP_Project\data\raw\Tenders - Raw and Annotated\Nov5Alex- Satellite AIS Data Services\Satellite AIS Data Services - Raw\w6431-25-0150-rfp-amendment-002-english.pdf,240209,2026-06-10T03:00:56,pending,
ad49348f09a5,nov5alex__satellite_ais_data_services,Nov5Alex- Satellite AIS Data Services,w6431-25-0150-rfp-amendment-003-english.pdf,pdf,Tenders - Raw and Annotated/Nov5Alex- Satellite AIS Data Services/Satellite AIS Data Services - Raw/w6431-25-0150-rfp-amendment-003-english.pdf,D:\Artificial intelligence\SDA\rfp_project_final\RFP_Project\data\raw\Tenders - Raw and Annotated\Nov5Alex- Satellite AIS Data Services\Satellite AIS Data Services - Raw\w6431-25-0150-rfp-amendment-003-english.pdf,237419,2026-06-10T03:00:56,pending,
a8bcc3a5db29,nov5alex__satellite_ais_data_services,Nov5Alex- Satellite AIS Data Services,w6431-25-0150-rfp-amendment-004-english.pdf,pdf,Tenders - Raw and Annotated/Nov5Alex- Satellite AIS Data Services/Satellite AIS Data Services - Raw/w6431-25-0150-rfp-amendment-004-english.pdf,D:\Artificial intelligence\SDA\rfp_project_final\RFP_Project\data\raw\Tenders - Raw and Annotated\Nov5Alex- Satellite AIS Data Services\Satellite AIS Data Services - Raw\w6431-25-0150-rfp-amendment-004-english.pdf,388404,2026-06-10T03:00:56,pending,
7ca802aabca8,nov5alex__satellite_ais_data_services,Nov5Alex- Satellite AIS Data Services,w6431-25-0150-rfp-final-english_250909.pdf,pdf,Tenders - Raw and Annotated/Nov5Alex- Satellite AIS Data Services/Satellite AIS Data Services - Raw/w6431-25-0150-rfp-final-english_250909.pdf,D:\Artificial intelligence\SDA\rfp_project_final\RFP_Project\data\raw\Tenders - Raw and Annotated\Nov5Alex- Satellite AIS Data Services\Satellite AIS Data Services - Raw\w6431-25-0150-rfp-final-english_250909.pdf,3268447,2026-06-10T03:00:58,pending,
4e5ef23e9436,nov6alex___artificial_intelligence_dps,Nov6Alex - Artificial Intelligence DPS,Attachment 6 - SQ and DPSQ v3.0.pdf,pdf,Tenders - Raw and Annotated/Nov6Alex - Artificial Intelligence DPS/Artificial Intelligence DPS - Raw/RM6200_Artificial_Intelligence_Bid_Pack_v5/RM6200_Artificial_Intelligence_Bid_Pack_v4/Attachment 6 - SQ and DPSQ v3.0.pdf,D:\Artificial intelligence\SDA\rfp_project_final\RFP_Project\data\raw\Tenders - Raw and Annotated\Nov6Alex - Artificial Intelligence DPS\Artificial Intelligence DPS - Raw\RM6200_Artificial_Intelligence_Bid_Pack_v5\RM6200_Artificial_Intelligence_Bid_Pack_v4\Attachment 6 - SQ and DPSQ v3.0.pdf,864916,2026-06-10T03:01:04,pending,
6d7a8dad6119,nov6alex___artificial_intelligence_dps,Nov6Alex - Artificial Intelligence DPS,READ FIRST RM6200 Artificial Intelligence - DPS Needs v3.docx,docx,Tenders - Raw and Annotated/Nov6Alex - Artificial Intelligence DPS/Artificial Intelligence DPS - Raw/RM6200_Artificial_Intelligence_Bid_Pack_v5/RM6200_Artificial_Intelligence_Bid_Pack_v4/READ FIRST RM6200 Artificial Intelligence - DPS Needs v3.docx,D:\Artificial intelligence\SDA\rfp_project_final\RFP_Project\data\raw\Tenders - Raw and Annotated\Nov6Alex - Artificial Intelligence DPS\Artificial Intelligence DPS - Raw\RM6200_Artificial_Intelligence_Bid_Pack_v5\RM6200_Artificial_Intelligence_Bid_Pack_v4\READ FIRST RM6200 Artificial Intelligence - DPS Needs v3.docx,357974,2026-06-10T03:01:04,pending,
c48ed6d92eb0,nov6alex___artificial_intelligence_dps,Nov6Alex - Artificial Intelligence DPS,RM6200 Buyer Needs v1.pdf,pdf,Tenders - Raw and Annotated/Nov6Alex - Artificial Intelligence DPS/Artificial Intelligence DPS - Raw/RM6200_Artificial_Intelligence_Bid_Pack_v5/RM6200_Artificial_Intelligence_Bid_Pack_v4/RM6200 Buyer Needs v1.pdf,D:\Artificial intelligence\SDA\rfp_project_final\RFP_Project\data\raw\Tenders - Raw and Annotated\Nov6Alex - Artificial Intelligence DPS\Artificial Intelligence DPS - Raw\RM6200_Artificial_Intelligence_Bid_Pack_v5\RM6200_Artificial_Intelligence_Bid_Pack_v4\RM6200 Buyer Needs v1.pdf,259860,2026-06-10T03:01:04,pending,
24fe3ba7348a,nov6alex___artificial_intelligence_dps,Nov6Alex - Artificial Intelligence DPS,RM6200 Buyers Needs Amendments.pdf,pdf,Tenders - Raw and Annotated/Nov6Alex - Artificial Intelligence DPS/Artificial Intelligence DPS - Raw/RM6200_Artificial_Intelligence_Bid_Pack_v5/RM6200_Artificial_Intelligence_Bid_Pack_v4/RM6200 Buyers Needs Amendments.pdf,D:\Artificial intelligence\SDA\rfp_project_final\RFP_Project\data\raw\Tenders - Raw and Annotated\Nov6Alex - Artificial Intelligence DPS\Artificial Intelligence DPS - Raw\RM6200_Artificial_Intelligence_Bid_Pack_v5\RM6200_Artificial_Intelligence_Bid_Pack_v4\RM6200 Buyers Needs Amendments.pdf,75515,2026-06-10T03:01:04,pending,
c05409bba89c,nov6alex___building_automation_system_(bas)_upgrade___ray_twinney_complex_(rtc),Nov6Alex - Building Automation System (BAS) Upgrade - Ray Twinney Complex (RTC),FileSummary.pdf,pdf,Tenders - Raw and Annotated/Nov6Alex - Building Automation System (BAS) Upgrade - Ray Twinney Complex (RTC)/Building Automation System (BAS) Upgrade - Ray Twinney Complex (RTC) - Raw/RFP-2025-091_PreviewBidDocuments/FileSummary.pdf,D:\Artificial intelligence\SDA\rfp_project_final\RFP_Project\data\raw\Tenders - Raw and Annotated\Nov6Alex - Building Automation System (BAS) Upgrade - Ray Twinney Complex (RTC)\Building Automation System (BAS) Upgrade - Ray Twinney Complex (RTC) - Raw\RFP-2025-091_PreviewBidDocuments\FileSummary.pdf,3605,2026-06-10T03:01:00,pending,
1354a81838b1,nov6alex___building_automation_system_(bas)_upgrade___ray_twinney_complex_(rtc),Nov6Alex - Building Automation System (BAS) Upgrade - Ray Twinney Complex (RTC),Appendix 11 - Asbestos Reassessment Report- RTC  March 2025.pdf,pdf,Tenders - Raw and Annotated/Nov6Alex - Building Automation System (BAS) Upgrade - Ray Twinney Complex (RTC)/Building Automation System (BAS) Upgrade - Ray Twinney Complex (RTC) - Raw/RFP-2025-091_PreviewBidDocuments/Addenda/Appendix 11 - Asbestos Reassessment Report- RTC  March 2025.pdf,D:\Artificial intelligence\SDA\rfp_project_final\RFP_Project\data\raw\Tenders - Raw and Annotated\Nov6Alex - Building Automation System (BAS) Upgrade - Ray Twinney Complex (RTC)\Building Automation System (BAS) Upgrade - Ray Twinney Complex (RTC) - Raw\RFP-2025-091_PreviewBidDocuments\Addenda\Appendix 11 - Asbestos Reassessment Report- RTC  March 2025.pdf,1277797,2026-06-10T03:01:04,pending,
9b0f8c78e80f,nov6alex___building_automation_system_(bas)_upgrade___ray_twinney_complex_(rtc),Nov6Alex - Building Automation System (BAS) Upgrade - Ray Twinney Complex (RTC),Appendix 11 - Control Wiring Diagram M10868 HV-1 -Addendum 5.pdf,pdf,Tenders - Raw and Annotated/Nov6Alex - Building Automation System (BAS) Upgrade - Ray Twinney Complex (RTC)/Building Automation System (BAS) Upgrade - Ray Twinney Complex (RTC) - Raw/RFP-2025-091_PreviewBidDocuments/Addenda/Appendix 11 - Control Wiring Diagram M10868 HV-1 -Addendum 5.pdf,D:\Artificial intelligence\SDA\rfp_project_final\RFP_Project\data\raw\Tenders - Raw and Annotated\Nov6Alex - Building Automation System (BAS) Upgrade - Ray Twinney Complex (RTC)\Building Automation System (BAS) Upgrade - Ray Twinney Complex (RTC) - Raw\RFP-2025-091_PreviewBidDocuments\Addenda\Appendix 11 - Control Wiring Diagram M10868 HV-1 -Addendum 5.pdf,252661,2026-06-10T03:01:02,pending,
0544b4b95154,nov6alex___building_automation_system_(bas)_upgrade___ray_twinney_complex_(rtc),Nov6Alex - Building Automation System (BAS) Upgrade - Ray Twinney Complex (RTC),Appendix 5 -  REVISION # 2 Addendum #4- Building Automation System Section 15980.pdf,pdf,Tenders - Raw and Annotated/Nov6Alex - Building Automation System (BAS) Upgrade - Ray Twinney Complex (RTC)/Building Automation System (BAS) Upgrade - Ray Twinney Complex (RTC) - Raw/RFP-2025-091_PreviewBidDocuments/Addenda/Appendix 5 -  REVISION # 2 Addendum #4- Building Automation System Section 15980.pdf,D:\Artificial intelligence\SDA\rfp_project_final\RFP_Project\data\raw\Tenders - Raw and Annotated\Nov6Alex - Building Automation System (BAS) Upgrade - Ray Twinney Complex (RTC)\Building Automation System (BAS) Upgrade - Ray Twinney Complex (RTC) - Raw\RFP-2025-091_PreviewBidDocuments\Addenda\Appendix 5 -  REVISION # 2 Addendum #4- Building Automation System Section 15980.pdf,826649,2026-06-10T03:01:04,pending,
ddd98778ecca,nov6alex___building_automation_system_(bas)_upgrade___ray_twinney_complex_(rtc),Nov6Alex - Building Automation System (BAS) Upgrade - Ray Twinney Complex (RTC),Appendix 5 - REVISED Building Automation System Section 15980.pdf,pdf,Tenders - Raw and Annotated/Nov6Alex - Building Automation System (BAS) Upgrade - Ray Twinney Complex (RTC)/Building Automation System (BAS) Upgrade - Ray Twinney Complex (RTC) - Raw/RFP-2025-091_PreviewBidDocuments/Addenda/Appendix 5 - REVISED Building Automation System Section 15980.pdf,D:\Artificial intelligence\SDA\rfp_project_final\RFP_Project\data\raw\Tenders - Raw and Annotated\Nov6Alex - Building Automation System (BAS) Upgrade - Ray Twinney Complex (RTC)\Building Automation System (BAS) Upgrade - Ray Twinney Complex (RTC) - Raw\RFP-2025-091_PreviewBidDocuments\Addenda\Appendix 5 - REVISED Building Automation System Section 15980.pdf,724620,2026-06-10T03:01:02,pending,
71edb47daebc,nov6alex___building_automation_system_(bas)_upgrade___ray_twinney_complex_(rtc),Nov6Alex - Building Automation System (BAS) Upgrade - Ray Twinney Complex (RTC),Appendix 9- REVISED BAS Points List _ Addendum 5.pdf,pdf,Tenders - Raw and Annotated/Nov6Alex - Building Automation System (BAS) Upgrade - Ray Twinney Complex (RTC)/Building Automation System (BAS) Upgrade - Ray Twinney Complex (RTC) - Raw/RFP-2025-091_PreviewBidDocuments/Addenda/Appendix 9- REVISED BAS Points List _ Addendum 5.pdf,D:\Artificial intelligence\SDA\rfp_project_final\RFP_Project\data\raw\Tenders - Raw and Annotated\Nov6Alex - Building Automation System (BAS) Upgrade - Ray Twinney Complex (RTC)\Building Automation System (BAS) Upgrade - Ray Twinney Complex (RTC) - Raw\RFP-2025-091_PreviewBidDocuments\Addenda\Appendix 9- REVISED BAS Points List _ Addendum 5.pdf,240311,2026-06-10T03:01:02,pending,
9f4974a7f7d1,nov6alex___building_automation_system_(bas)_upgrade___ray_twinney_complex_(rtc),Nov6Alex - Building Automation System (BAS) Upgrade - Ray Twinney Complex (RTC),Ray Twinney BAS Upgrade - Drawing Addendum #3.pdf,pdf,Tenders - Raw and Annotated/Nov6Alex - Building Automation System (BAS) Upgrade - Ray Twinney Complex (RTC)/Building Automation System (BAS) Upgrade - Ray Twinney Complex (RTC) - Raw/RFP-2025-091_PreviewBidDocuments/Addenda/Ray Twinney BAS Upgrade - Drawing Addendum #3.pdf,D:\Artificial intelligence\SDA\rfp_project_final\RFP_Project\data\raw\Tenders - Raw and Annotated\Nov6Alex - Building Automation System (BAS) Upgrade - Ray Twinney Complex (RTC)\Building Automation System (BAS) Upgrade - Ray Twinney Complex (RTC) - Raw\RFP-2025-091_PreviewBidDocuments\Addenda\Ray Twinney BAS Upgrade - Drawing Addendum #3.pdf,626061,2026-06-10T03:01:02,pending,
0771d1a1a71d,nov6alex___building_automation_system_(bas)_upgrade___ray_twinney_complex_(rtc),Nov6Alex - Building Automation System (BAS) Upgrade - Ray Twinney Complex (RTC),RFP-2025-091 - Addendum # 1.pdf,pdf,Tenders - Raw and Annotated/Nov6Alex - Building Automation System (BAS) Upgrade - Ray Twinney Complex (RTC)/Building Automation System (BAS) Upgrade - Ray Twinney Complex (RTC) - Raw/RFP-2025-091_PreviewBidDocuments/Addenda/RFP-2025-091 - Addendum # 1.pdf,D:\Artificial intelligence\SDA\rfp_project_final\RFP_Project\data\raw\Tenders - Raw and Annotated\Nov6Alex - Building Automation System (BAS) Upgrade - Ray Twinney Complex (RTC)\Building Automation System (BAS) Upgrade - Ray Twinney Complex (RTC) - Raw\RFP-2025-091_PreviewBidDocuments\Addenda\RFP-2025-091 - Addendum # 1.pdf,240761,2026-06-10T03:01:02,pending,
03833765eb7d,nov6alex___building_automation_system_(bas)_upgrade___ray_twinney_complex_(rtc),Nov6Alex - Building Automation System (BAS) Upgrade - Ray Twinney Complex (RTC),RFP-2025-091 - Addendum # 2.pdf,pdf,Tenders - Raw and Annotated/Nov6Alex - Building Automation System (BAS) Upgrade - Ray Twinney Complex (RTC)/Building Automation System (BAS) Upgrade - Ray Twinney Complex (RTC) - Raw/RFP-2025-091_PreviewBidDocuments/Addenda/RFP-2025-091 - Addendum # 2.pdf,D:\Artificial intelligence\SDA\rfp_project_final\RFP_Project\data\raw\Tenders - Raw and Annotated\Nov6Alex - Building Automation System (BAS) Upgrade - Ray Twinney Complex (RTC)\Building Automation System (BAS) Upgrade - Ray Twinney Complex (RTC) - Raw\RFP-2025-091_PreviewBidDocuments\Addenda\RFP-2025-091 - Addendum # 2.pdf,301725,2026-06-10T03:01:02,pending,
ec79e5b095c6,nov6alex___building_automation_system_(bas)_upgrade___ray_twinney_complex_(rtc),Nov6Alex - Building Automation System (BAS) Upgrade - Ray Twinney Complex (RTC),RFP-2025-091 - Addendum # 3.pdf,pdf,Tenders - Raw and Annotated/Nov6Alex - Building Automation System (BAS) Upgrade - Ray Twinney Complex (RTC)/Building Automation System (BAS) Upgrade - Ray Twinney Complex (RTC) - Raw/RFP-2025-091_PreviewBidDocuments/Addenda/RFP-2025-091 - Addendum # 3.pdf,D:\Artificial intelligence\SDA\rfp_project_final\RFP_Project\data\raw\Tenders - Raw and Annotated\Nov6Alex - Building Automation System (BAS) Upgrade - Ray Twinney Complex (RTC)\Building Automation System (BAS) Upgrade - Ray Twinney Complex (RTC) - Raw\RFP-2025-091_PreviewBidDocuments\Addenda\RFP-2025-091 - Addendum # 3.pdf,235048,2026-06-10T03:01:02,pending,
0c414bd334cb,nov6alex___building_automation_system_(bas)_upgrade___ray_twinney_complex_(rtc),Nov6Alex - Building Automation System (BAS) Upgrade - Ray Twinney Complex (RTC),RFP-2025-091 - Addendum # 4.pdf,pdf,Tenders - Raw and Annotated/Nov6Alex - Building Automation System (BAS) Upgrade - Ray Twinney Complex (RTC)/Building Automation System (BAS) Upgrade - Ray Twinney Complex (RTC) - Raw/RFP-2025-091_PreviewBidDocuments/Addenda/RFP-2025-091 - Addendum # 4.pdf,D:\Artificial intelligence\SDA\rfp_project_final\RFP_Project\data\raw\Tenders - Raw and Annotated\Nov6Alex - Building Automation System (BAS) Upgrade - Ray Twinney Complex (RTC)\Building Automation System (BAS) Upgrade - Ray Twinney Complex (RTC) - Raw\RFP-2025-091_PreviewBidDocuments\Addenda\RFP-2025-091 - Addendum # 4.pdf,243998,2026-06-10T03:01:02,pending,
e8e3cc9e5a60,nov6alex___building_automation_system_(bas)_upgrade___ray_twinney_complex_(rtc),Nov6Alex - Building Automation System (BAS) Upgrade - Ray Twinney Complex (RTC),RFP-2025-091 - Addendum # 5.pdf,pdf,Tenders - Raw and Annotated/Nov6Alex - Building Automation System (BAS) Upgrade - Ray Twinney Complex (RTC)/Building Automation System (BAS) Upgrade - Ray Twinney Complex (RTC) - Raw/RFP-2025-091_PreviewBidDocuments/Addenda/RFP-2025-091 - Addendum # 5.pdf,D:\Artificial intelligence\SDA\rfp_project_final\RFP_Project\data\raw\Tenders - Raw and Annotated\Nov6Alex - Building Automation System (BAS) Upgrade - Ray Twinney Complex (RTC)\Building Automation System (BAS) Upgrade - Ray Twinney Complex (RTC) - Raw\RFP-2025-091_PreviewBidDocuments\Addenda\RFP-2025-091 - Addendum # 5.pdf,263360,2026-06-10T03:01:02,pending,
51d5597b3221,nov6alex___building_automation_system_(bas)_upgrade___ray_twinney_complex_(rtc),Nov6Alex - Building Automation System (BAS) Upgrade - Ray Twinney Complex (RTC),Appendix 1 - CCDC 2 - 2020 Stipulated Price Contract.pdf,pdf,Tenders - Raw and Annotated/Nov6Alex - Building Automation System (BAS) Upgrade - Ray Twinney Complex (RTC)/Building Automation System (BAS) Upgrade - Ray Twinney Complex (RTC) - Raw/RFP-2025-091_PreviewBidDocuments/Documents/Appendix 1 - CCDC 2 - 2020 Stipulated Price Contract.pdf,D:\Artificial intelligence\SDA\rfp_project_final\RFP_Project\data\raw\Tenders - Raw and Annotated\Nov6Alex - Building Automation System (BAS) Upgrade - Ray Twinney Complex (RTC)\Building Automation System (BAS) Upgrade - Ray Twinney Complex (RTC) - Raw\RFP-2025-091_PreviewBidDocuments\Documents\Appendix 1 - CCDC 2 - 2020 Stipulated Price Contract.pdf,563739,2026-06-10T03:01:04,pending,
009ee3c6e454,nov6alex___building_automation_system_(bas)_upgrade___ray_twinney_complex_(rtc),Nov6Alex - Building Automation System (BAS) Upgrade - Ray Twinney Complex (RTC),Appendix 10 - General Requirements.pdf,pdf,Tenders - Raw and Annotated/Nov6Alex - Building Automation System (BAS) Upgrade - Ray Twinney Complex (RTC)/Building Automation System (BAS) Upgrade - Ray Twinney Complex (RTC) - Raw/RFP-2025-091_PreviewBidDocuments/Documents/Appendix 10 - General Requirements.pdf,D:\Artificial intelligence\SDA\rfp_project_final\RFP_Project\data\raw\Tenders - Raw and Annotated\Nov6Alex - Building Automation System (BAS) Upgrade - Ray Twinney Complex (RTC)\Building Automation System (BAS) Upgrade - Ray Twinney Complex (RTC) - Raw\RFP-2025-091_PreviewBidDocuments\Documents\Appendix 10 - General Requirements.pdf,249291,2026-06-10T03:01:02,pending,
14c0be2e6601,nov6alex___building_automation_system_(bas)_upgrade___ray_twinney_complex_(rtc),Nov6Alex - Building Automation System (BAS) Upgrade - Ray Twinney Complex (RTC),Appendix 2 - Supplementary Conditions to CCDC 2-2020 Stipulated Price Contract.pdf,pdf,Tenders - Raw and Annotated/Nov6Alex - Building Automation System (BAS) Upgrade - Ray Twinney Complex (RTC)/Building Automation System (BAS) Upgrade - Ray Twinney Complex (RTC) - Raw/RFP-2025-091_PreviewBidDocuments/Documents/Appendix 2 - Supplementary Conditions to CCDC 2-2020 Stipulated Price Contract.pdf,D:\Artificial intelligence\SDA\rfp_project_final\RFP_Project\data\raw\Tenders - Raw and Annotated\Nov6Alex - Building Automation System (BAS) Upgrade - Ray Twinney Complex (RTC)\Building Automation System (BAS) Upgrade - Ray Twinney Complex (RTC) - Raw\RFP-2025-091_PreviewBidDocuments\Documents\Appendix 2 - Supplementary Conditions to CCDC 2-2020 Stipulated Price Contract.pdf,499224,2026-06-10T03:01:04,pending,
0de2341be7c9,nov6alex___building_automation_system_(bas)_upgrade___ray_twinney_complex_(rtc),Nov6Alex - Building Automation System (BAS) Upgrade - Ray Twinney Complex (RTC),Appendix 3 - CCDC 2 -Special Provisions.pdf,pdf,Tenders - Raw and Annotated/Nov6Alex - Building Automation System (BAS) Upgrade - Ray Twinney Complex (RTC)/Building Automation System (BAS) Upgrade - Ray Twinney Complex (RTC) - Raw/RFP-2025-091_PreviewBidDocuments/Documents/Appendix 3 - CCDC 2 -Special Provisions.pdf,D:\Artificial intelligence\SDA\rfp_project_final\RFP_Project\data\raw\Tenders - Raw and Annotated\Nov6Alex - Building Automation System (BAS) Upgrade - Ray Twinney Complex (RTC)\Building Automation System (BAS) Upgrade - Ray Twinney Complex (RTC) - Raw\RFP-2025-091_PreviewBidDocuments\Documents\Appendix 3 - CCDC 2 -Special Provisions.pdf,325978,2026-06-10T03:01:02,pending,
197cd8e11d80,nov6alex___building_automation_system_(bas)_upgrade___ray_twinney_complex_(rtc),Nov6Alex - Building Automation System (BAS) Upgrade - Ray Twinney Complex (RTC),"Appendix 4-  Heating, Ventilation and Air Conditioning Section 15700.pdf",pdf,"Tenders - Raw and Annotated/Nov6Alex - Building Automation System (BAS) Upgrade - Ray Twinney Complex (RTC)/Building Automation System (BAS) Upgrade - Ray Twinney Complex (RTC) - Raw/RFP-2025-091_PreviewBidDocuments/Documents/Appendix 4-  Heating, Ventilation and Air Conditioning Section 15700.pdf","D:\Artificial intelligence\SDA\rfp_project_final\RFP_Project\data\raw\Tenders - Raw and Annotated\Nov6Alex - Building Automation System (BAS) Upgrade - Ray Twinney Complex (RTC)\Building Automation System (BAS) Upgrade - Ray Twinney Complex (RTC) - Raw\RFP-2025-091_PreviewBidDocuments\Documents\Appendix 4-  Heating, Ventilation and Air Conditioning Section 15700.pdf",318699,2026-06-10T03:01:02,pending,
a315514620a7,nov6alex___building_automation_system_(bas)_upgrade___ray_twinney_complex_(rtc),Nov6Alex - Building Automation System (BAS) Upgrade - Ray Twinney Complex (RTC),Appendix 5 - Building Automation System Section 15980.pdf,pdf,Tenders - Raw and Annotated/Nov6Alex - Building Automation System (BAS) Upgrade - Ray Twinney Complex (RTC)/Building Automation System (BAS) Upgrade - Ray Twinney Complex (RTC) - Raw/RFP-2025-091_PreviewBidDocuments/Documents/Appendix 5 - Building Automation System Section 15980.pdf,D:\Artificial intelligence\SDA\rfp_project_final\RFP_Project\data\raw\Tenders - Raw and Annotated\Nov6Alex - Building Automation System (BAS) Upgrade - Ray Twinney Complex (RTC)\Building Automation System (BAS) Upgrade - Ray Twinney Complex (RTC) - Raw\RFP-2025-091_PreviewBidDocuments\Documents\Appendix 5 - Building Automation System Section 15980.pdf,724415,2026-06-10T03:01:04,pending,
64abd3728107,nov6alex___building_automation_system_(bas)_upgrade___ray_twinney_complex_(rtc),Nov6Alex - Building Automation System (BAS) Upgrade - Ray Twinney Complex (RTC),Appendix 6 - Drawing - BAS Schematic.pdf,pdf,Tenders - Raw and Annotated/Nov6Alex - Building Automation System (BAS) Upgrade - Ray Twinney Complex (RTC)/Building Automation System (BAS) Upgrade - Ray Twinney Complex (RTC) - Raw/RFP-2025-091_PreviewBidDocuments/Documents/Appendix 6 - Drawing - BAS Schematic.pdf,D:\Artificial intelligence\SDA\rfp_project_final\RFP_Project\data\raw\Tenders - Raw and Annotated\Nov6Alex - Building Automation System (BAS) Upgrade - Ray Twinney Complex (RTC)\Building Automation System (BAS) Upgrade - Ray Twinney Complex (RTC) - Raw\RFP-2025-091_PreviewBidDocuments\Documents\Appendix 6 - Drawing - BAS Schematic.pdf,328897,2026-06-10T03:01:02,pending,
a6ff5038cc83,nov6alex___building_automation_system_(bas)_upgrade___ray_twinney_complex_(rtc),Nov6Alex - Building Automation System (BAS) Upgrade - Ray Twinney Complex (RTC),Appendix 7- Drawing - Mechanical.pdf,pdf,Tenders - Raw and Annotated/Nov6Alex - Building Automation System (BAS) Upgrade - Ray Twinney Complex (RTC)/Building Automation System (BAS) Upgrade - Ray Twinney Complex (RTC) - Raw/RFP-2025-091_PreviewBidDocuments/Documents/Appendix 7- Drawing - Mechanical.pdf,D:\Artificial intelligence\SDA\rfp_project_final\RFP_Project\data\raw\Tenders - Raw and Annotated\Nov6Alex - Building Automation System (BAS) Upgrade - Ray Twinney Complex (RTC)\Building Automation System (BAS) Upgrade - Ray Twinney Complex (RTC) - Raw\RFP-2025-091_PreviewBidDocuments\Documents\Appendix 7- Drawing - Mechanical.pdf,617402,2026-06-10T03:01:02,pending,
4a9bfde8caa8,nov6alex___building_automation_system_(bas)_upgrade___ray_twinney_complex_(rtc),Nov6Alex - Building Automation System (BAS) Upgrade - Ray Twinney Complex (RTC),Appendix 8- Drawing- Structural.pdf,pdf,Tenders - Raw and Annotated/Nov6Alex - Building Automation System (BAS) Upgrade - Ray Twinney Complex (RTC)/Building Automation System (BAS) Upgrade - Ray Twinney Complex (RTC) - Raw/RFP-2025-091_PreviewBidDocuments/Documents/Appendix 8- Drawing- Structural.pdf,D:\Artificial intelligence\SDA\rfp_project_final\RFP_Project\data\raw\Tenders - Raw and Annotated\Nov6Alex - Building Automation System (BAS) Upgrade - Ray Twinney Complex (RTC)\Building Automation System (BAS) Upgrade - Ray Twinney Complex (RTC) - Raw\RFP-2025-091_PreviewBidDocuments\Documents\Appendix 8- Drawing- Structural.pdf,493350,2026-06-10T03:01:02,pending,
8963a5bd416f,nov6alex___building_automation_system_(bas)_upgrade___ray_twinney_complex_(rtc),Nov6Alex - Building Automation System (BAS) Upgrade - Ray Twinney Complex (RTC),Appendix 9 -BAS Points List- 01.pdf,pdf,Tenders - Raw and Annotated/Nov6Alex - Building Automation System (BAS) Upgrade - Ray Twinney Complex (RTC)/Building Automation System (BAS) Upgrade - Ray Twinney Complex (RTC) - Raw/RFP-2025-091_PreviewBidDocuments/Documents/Appendix 9 -BAS Points List- 01.pdf,D:\Artificial intelligence\SDA\rfp_project_final\RFP_Project\data\raw\Tenders - Raw and Annotated\Nov6Alex - Building Automation System (BAS) Upgrade - Ray Twinney Complex (RTC)\Building Automation System (BAS) Upgrade - Ray Twinney Complex (RTC) - Raw\RFP-2025-091_PreviewBidDocuments\Documents\Appendix 9 -BAS Points List- 01.pdf,236667,2026-06-10T03:01:02,pending,
307e2493ad51,nov6alex___building_automation_system_(bas)_upgrade___ray_twinney_complex_(rtc),Nov6Alex - Building Automation System (BAS) Upgrade - Ray Twinney Complex (RTC),RFP-2025-091.pdf,pdf,Tenders - Raw and Annotated/Nov6Alex - Building Automation System (BAS) Upgrade - Ray Twinney Complex (RTC)/Building Automation System (BAS) Upgrade - Ray Twinney Complex (RTC) - Raw/RFP-2025-091_PreviewBidDocuments/Documents/RFP-2025-091.pdf,D:\Artificial intelligence\SDA\rfp_project_final\RFP_Project\data\raw\Tenders - Raw and Annotated\Nov6Alex - Building Automation System (BAS) Upgrade - Ray Twinney Complex (RTC)\Building Automation System (BAS) Upgrade - Ray Twinney Complex (RTC) - Raw\RFP-2025-091_PreviewBidDocuments\Documents\RFP-2025-091.pdf,991882,2026-06-10T03:01:04,pending,
48a23d7b18a1,nov6alex___building_automation_system_(bas)_upgrade___ray_twinney_complex_(rtc),Nov6Alex - Building Automation System (BAS) Upgrade - Ray Twinney Complex (RTC),Schedule 1 - Owners Standard Terms and Conditions - Version Contractors - July 4 2025 - FINAL.pdf,pdf,Tenders - Raw and Annotated/Nov6Alex - Building Automation System (BAS) Upgrade - Ray Twinney Complex (RTC)/Building Automation System (BAS) Upgrade - Ray Twinney Complex (RTC) - Raw/RFP-2025-091_PreviewBidDocuments/Documents/Schedule 1 - Owners Standard Terms and Conditions - Version Contractors - July 4 2025 - FINAL.pdf,D:\Artificial intelligence\SDA\rfp_project_final\RFP_Project\data\raw\Tenders - Raw and Annotated\Nov6Alex - Building Automation System (BAS) Upgrade - Ray Twinney Complex (RTC)\Building Automation System (BAS) Upgrade - Ray Twinney Complex (RTC) - Raw\RFP-2025-091_PreviewBidDocuments\Documents\Schedule 1 - Owners Standard Terms and Conditions - Version Contractors - July 4 2025 - FINAL.pdf,437638,2026-06-10T03:01:02,pending,
0ded8017168f,nov6alex___building_automation_system_(bas)_upgrade___ray_twinney_complex_(rtc),Nov6Alex - Building Automation System (BAS) Upgrade - Ray Twinney Complex (RTC),Schedule 11 - Purchase Order Set-up Form - Version - Feb 2023.pdf,pdf,Tenders - Raw and Annotated/Nov6Alex - Building Automation System (BAS) Upgrade - Ray Twinney Complex (RTC)/Building Automation System (BAS) Upgrade - Ray Twinney Complex (RTC) - Raw/RFP-2025-091_PreviewBidDocuments/Documents/Schedule 11 - Purchase Order Set-up Form - Version - Feb 2023.pdf,D:\Artificial intelligence\SDA\rfp_project_final\RFP_Project\data\raw\Tenders - Raw and Annotated\Nov6Alex - Building Automation System (BAS) Upgrade - Ray Twinney Complex (RTC)\Building Automation System (BAS) Upgrade - Ray Twinney Complex (RTC) - Raw\RFP-2025-091_PreviewBidDocuments\Documents\Schedule 11 - Purchase Order Set-up Form - Version - Feb 2023.pdf,144319,2026-06-10T03:01:02,pending,
80105d4868b7,nov6alex___building_automation_system_(bas)_upgrade___ray_twinney_complex_(rtc),Nov6Alex - Building Automation System (BAS) Upgrade - Ray Twinney Complex (RTC),Schedule 12 - Application Direct Deposit - Version - Feb 2023.pdf,pdf,Tenders - Raw and Annotated/Nov6Alex - Building Automation System (BAS) Upgrade - Ray Twinney Complex (RTC)/Building Automation System (BAS) Upgrade - Ray Twinney Complex (RTC) - Raw/RFP-2025-091_PreviewBidDocuments/Documents/Schedule 12 - Application Direct Deposit - Version - Feb 2023.pdf,D:\Artificial intelligence\SDA\rfp_project_final\RFP_Project\data\raw\Tenders - Raw and Annotated\Nov6Alex - Building Automation System (BAS) Upgrade - Ray Twinney Complex (RTC)\Building Automation System (BAS) Upgrade - Ray Twinney Complex (RTC) - Raw\RFP-2025-091_PreviewBidDocuments\Documents\Schedule 12 - Application Direct Deposit - Version - Feb 2023.pdf,217935,2026-06-10T03:01:02,pending,
d3d81c31f9c9,nov6alex___building_automation_system_(bas)_upgrade___ray_twinney_complex_(rtc),Nov6Alex - Building Automation System (BAS) Upgrade - Ray Twinney Complex (RTC),Schedule 13 - Health and Safety Attestation.pdf,pdf,Tenders - Raw and Annotated/Nov6Alex - Building Automation System (BAS) Upgrade - Ray Twinney Complex (RTC)/Building Automation System (BAS) Upgrade - Ray Twinney Complex (RTC) - Raw/RFP-2025-091_PreviewBidDocuments/Documents/Schedule 13 - Health and Safety Attestation.pdf,D:\Artificial intelligence\SDA\rfp_project_final\RFP_Project\data\raw\Tenders - Raw and Annotated\Nov6Alex - Building Automation System (BAS) Upgrade - Ray Twinney Complex (RTC)\Building Automation System (BAS) Upgrade - Ray Twinney Complex (RTC) - Raw\RFP-2025-091_PreviewBidDocuments\Documents\Schedule 13 - Health and Safety Attestation.pdf,325887,2026-06-10T03:01:02,pending,
611f18ec2293,nov6alex___building_automation_system_(bas)_upgrade___ray_twinney_complex_(rtc),Nov6Alex - Building Automation System (BAS) Upgrade - Ray Twinney Complex (RTC),Schedule 2 - Owner_s Bidding System Terms of Service - Version - February 2017.pdf,pdf,Tenders - Raw and Annotated/Nov6Alex - Building Automation System (BAS) Upgrade - Ray Twinney Complex (RTC)/Building Automation System (BAS) Upgrade - Ray Twinney Complex (RTC) - Raw/RFP-2025-091_PreviewBidDocuments/Documents/Schedule 2 - Owner_s Bidding System Terms of Service - Version - February 2017.pdf,D:\Artificial intelligence\SDA\rfp_project_final\RFP_Project\data\raw\Tenders - Raw and Annotated\Nov6Alex - Building Automation System (BAS) Upgrade - Ray Twinney Complex (RTC)\Building Automation System (BAS) Upgrade - Ray Twinney Complex (RTC) - Raw\RFP-2025-091_PreviewBidDocuments\Documents\Schedule 2 - Owner_s Bidding System Terms of Service - Version - February 2017.pdf,156078,2026-06-10T03:01:02,pending,
f8f20dd4bdae,nov6alex___building_automation_system_(bas)_upgrade___ray_twinney_complex_(rtc),Nov6Alex - Building Automation System (BAS) Upgrade - Ray Twinney Complex (RTC),"Schedule 3 - Owner_s Purchase Order Terms and Conditions - July 2, 2025.pdf",pdf,"Tenders - Raw and Annotated/Nov6Alex - Building Automation System (BAS) Upgrade - Ray Twinney Complex (RTC)/Building Automation System (BAS) Upgrade - Ray Twinney Complex (RTC) - Raw/RFP-2025-091_PreviewBidDocuments/Documents/Schedule 3 - Owner_s Purchase Order Terms and Conditions - July 2, 2025.pdf","D:\Artificial intelligence\SDA\rfp_project_final\RFP_Project\data\raw\Tenders - Raw and Annotated\Nov6Alex - Building Automation System (BAS) Upgrade - Ray Twinney Complex (RTC)\Building Automation System (BAS) Upgrade - Ray Twinney Complex (RTC) - Raw\RFP-2025-091_PreviewBidDocuments\Documents\Schedule 3 - Owner_s Purchase Order Terms and Conditions - July 2, 2025.pdf",261913,2026-06-10T03:01:02,pending,
eb6624907a54,nov6alex___building_automation_system_(bas)_upgrade___ray_twinney_complex_(rtc),Nov6Alex - Building Automation System (BAS) Upgrade - Ray Twinney Complex (RTC),Schedule 4 - Owner_s Insurance Form - Version - May 2018.pdf,pdf,Tenders - Raw and Annotated/Nov6Alex - Building Automation System (BAS) Upgrade - Ray Twinney Complex (RTC)/Building Automation System (BAS) Upgrade - Ray Twinney Complex (RTC) - Raw/RFP-2025-091_PreviewBidDocuments/Documents/Schedule 4 - Owner_s Insurance Form - Version - May 2018.pdf,D:\Artificial intelligence\SDA\rfp_project_final\RFP_Project\data\raw\Tenders - Raw and Annotated\Nov6Alex - Building Automation System (BAS) Upgrade - Ray Twinney Complex (RTC)\Building Automation System (BAS) Upgrade - Ray Twinney Complex (RTC) - Raw\RFP-2025-091_PreviewBidDocuments\Documents\Schedule 4 - Owner_s Insurance Form - Version - May 2018.pdf,212292,2026-06-10T03:01:02,pending,
ccb5cdf6fc9c,nov6alex___building_automation_system_(bas)_upgrade___ray_twinney_complex_(rtc),Nov6Alex - Building Automation System (BAS) Upgrade - Ray Twinney Complex (RTC),Schedule 5 - Owner_s Change Order Form - Version - May 2019.pdf,pdf,Tenders - Raw and Annotated/Nov6Alex - Building Automation System (BAS) Upgrade - Ray Twinney Complex (RTC)/Building Automation System (BAS) Upgrade - Ray Twinney Complex (RTC) - Raw/RFP-2025-091_PreviewBidDocuments/Documents/Schedule 5 - Owner_s Change Order Form - Version - May 2019.pdf,D:\Artificial intelligence\SDA\rfp_project_final\RFP_Project\data\raw\Tenders - Raw and Annotated\Nov6Alex - Building Automation System (BAS) Upgrade - Ray Twinney Complex (RTC)\Building Automation System (BAS) Upgrade - Ray Twinney Complex (RTC) - Raw\RFP-2025-091_PreviewBidDocuments\Documents\Schedule 5 - Owner_s Change Order Form - Version - May 2019.pdf,376523,2026-06-10T03:01:02,pending,
2408df6940dc,nov6alex___building_automation_system_(bas)_upgrade___ray_twinney_complex_(rtc),Nov6Alex - Building Automation System (BAS) Upgrade - Ray Twinney Complex (RTC),Schedule 8 - Prioritizing Canadian Suppliers - Attestation Form - MASTER FILLABLE - May 26 2025.pdf,pdf,Tenders - Raw and Annotated/Nov6Alex - Building Automation System (BAS) Upgrade - Ray Twinney Complex (RTC)/Building Automation System (BAS) Upgrade - Ray Twinney Complex (RTC) - Raw/RFP-2025-091_PreviewBidDocuments/Documents/Schedule 8 - Prioritizing Canadian Suppliers - Attestation Form - MASTER FILLABLE - May 26 2025.pdf,D:\Artificial intelligence\SDA\rfp_project_final\RFP_Project\data\raw\Tenders - Raw and Annotated\Nov6Alex - Building Automation System (BAS) Upgrade - Ray Twinney Complex (RTC)\Building Automation System (BAS) Upgrade - Ray Twinney Complex (RTC) - Raw\RFP-2025-091_PreviewBidDocuments\Documents\Schedule 8 - Prioritizing Canadian Suppliers - Attestation Form - MASTER FILLABLE - May 26 2025.pdf,254232,2026-06-10T03:01:02,pending,
6f89840130ec,nov6alex___data_systems_&_services___technical_service_resources,Nov6Alex - Data Systems & Services - Technical Service Resources,MULRFQ_156482_-_Appendix_A_-_Respondent_Qualification_Form.docx,docx,Tenders - Raw and Annotated/Nov6Alex - Data Systems & Services - Technical Service Resources/Data Systems & Services - Technical Service Resources - Raw/MULRFQ_156482_-_Appendix_A_-_Respondent_Qualification_Form.docx,D:\Artificial intelligence\SDA\rfp_project_final\RFP_Project\data\raw\Tenders - Raw and Annotated\Nov6Alex - Data Systems & Services - Technical Service Resources\Data Systems & Services - Technical Service Resources - Raw\MULRFQ_156482_-_Appendix_A_-_Respondent_Qualification_Form.docx,105854,2026-06-10T03:01:02,pending,
81508bb2f692,nov6alex___data_systems_&_services___technical_service_resources,Nov6Alex - Data Systems & Services - Technical Service Resources,MULRFQ_156482_-_Appendix_C_-_Submission_Declaration.pdf,pdf,Tenders - Raw and Annotated/Nov6Alex - Data Systems & Services - Technical Service Resources/Data Systems & Services - Technical Service Resources - Raw/MULRFQ_156482_-_Appendix_C_-_Submission_Declaration.pdf,D:\Artificial intelligence\SDA\rfp_project_final\RFP_Project\data\raw\Tenders - Raw and Annotated\Nov6Alex - Data Systems & Services - Technical Service Resources\Data Systems & Services - Technical Service Resources - Raw\MULRFQ_156482_-_Appendix_C_-_Submission_Declaration.pdf,68091,2026-06-10T03:01:02,pending,
f22c50daa245,nov6alex___data_systems_&_services___technical_service_resources,Nov6Alex - Data Systems & Services - Technical Service Resources,MULRFQ_156482_-_DSS_-_Technical_Service_Resources (2).pdf,pdf,Tenders - Raw and Annotated/Nov6Alex - Data Systems & Services - Technical Service Resources/Data Systems & Services - Technical Service Resources - Raw/MULRFQ_156482_-_DSS_-_Technical_Service_Resources (2).pdf,D:\Artificial intelligence\SDA\rfp_project_final\RFP_Project\data\raw\Tenders - Raw and Annotated\Nov6Alex - Data Systems & Services - Technical Service Resources\Data Systems & Services - Technical Service Resources - Raw\MULRFQ_156482_-_DSS_-_Technical_Service_Resources (2).pdf,307556,2026-06-10T03:01:02,pending,
d6e2d9f7af98,nov6alex___intranet_redevelopment_and_records_management_in_sharepoint_online,Nov6Alex - intranet Redevelopment and Records Management in SharePoint Online,FileSummary.pdf,pdf,Tenders - Raw and Annotated/Nov6Alex - intranet Redevelopment and Records Management in SharePoint Online/ntranet Redevelopment and Records Management in SharePoint Online - Raw/2025-084_PreviewBidDocuments/FileSummary.pdf,D:\Artificial intelligence\SDA\rfp_project_final\RFP_Project\data\raw\Tenders - Raw and Annotated\Nov6Alex - intranet Redevelopment and Records Management in SharePoint Online\ntranet Redevelopment and Records Management in SharePoint Online - Raw\2025-084_PreviewBidDocuments\FileSummary.pdf,2735,2026-06-10T03:00:58,pending,
6f11d5db494c,nov6alex___intranet_redevelopment_and_records_management_in_sharepoint_online,Nov6Alex - intranet Redevelopment and Records Management in SharePoint Online,2025-084 - Intranet Redevelopment and Records Management in SharePoint Online - Addendum 1.pdf,pdf,Tenders - Raw and Annotated/Nov6Alex - intranet Redevelopment and Records Management in SharePoint Online/ntranet Redevelopment and Records Management in SharePoint Online - Raw/2025-084_PreviewBidDocuments/Addenda/2025-084 - Intranet Redevelopment and Records Management in SharePoint Online - Addendum 1.pdf,D:\Artificial intelligence\SDA\rfp_project_final\RFP_Project\data\raw\Tenders - Raw and Annotated\Nov6Alex - intranet Redevelopment and Records Management in SharePoint Online\ntranet Redevelopment and Records Management in SharePoint Online - Raw\2025-084_PreviewBidDocuments\Addenda\2025-084 - Intranet Redevelopment and Records Management in SharePoint Online - Addendum 1.pdf,231986,2026-06-10T03:01:00,pending,
b8a4e7b437fb,nov6alex___intranet_redevelopment_and_records_management_in_sharepoint_online,Nov6Alex - intranet Redevelopment and Records Management in SharePoint Online,2025-084 - Intranet Redevelopment and Records Management in SharePoint Online - Addendum 2.pdf,pdf,Tenders - Raw and Annotated/Nov6Alex - intranet Redevelopment and Records Management in SharePoint Online/ntranet Redevelopment and Records Management in SharePoint Online - Raw/2025-084_PreviewBidDocuments/Addenda/2025-084 - Intranet Redevelopment and Records Management in SharePoint Online - Addendum 2.pdf,D:\Artificial intelligence\SDA\rfp_project_final\RFP_Project\data\raw\Tenders - Raw and Annotated\Nov6Alex - intranet Redevelopment and Records Management in SharePoint Online\ntranet Redevelopment and Records Management in SharePoint Online - Raw\2025-084_PreviewBidDocuments\Addenda\2025-084 - Intranet Redevelopment and Records Management in SharePoint Online - Addendum 2.pdf,454189,2026-06-10T03:01:00,pending,
58d0209b801d,nov6alex___intranet_redevelopment_and_records_management_in_sharepoint_online,Nov6Alex - intranet Redevelopment and Records Management in SharePoint Online,2025-084 - Intranet Redevelopment and Records Management in SharePoint Online - Addendum 3.pdf,pdf,Tenders - Raw and Annotated/Nov6Alex - intranet Redevelopment and Records Management in SharePoint Online/ntranet Redevelopment and Records Management in SharePoint Online - Raw/2025-084_PreviewBidDocuments/Addenda/2025-084 - Intranet Redevelopment and Records Management in SharePoint Online - Addendum 3.pdf,D:\Artificial intelligence\SDA\rfp_project_final\RFP_Project\data\raw\Tenders - Raw and Annotated\Nov6Alex - intranet Redevelopment and Records Management in SharePoint Online\ntranet Redevelopment and Records Management in SharePoint Online - Raw\2025-084_PreviewBidDocuments\Addenda\2025-084 - Intranet Redevelopment and Records Management in SharePoint Online - Addendum 3.pdf,442839,2026-06-10T03:01:00,pending,
ab4093ae52e6,nov6alex___intranet_redevelopment_and_records_management_in_sharepoint_online,Nov6Alex - intranet Redevelopment and Records Management in SharePoint Online,2025-084 - Intranet Redevelopment and Records Management in SharePoint Online - Addendum 5.pdf,pdf,Tenders - Raw and Annotated/Nov6Alex - intranet Redevelopment and Records Management in SharePoint Online/ntranet Redevelopment and Records Management in SharePoint Online - Raw/2025-084_PreviewBidDocuments/Addenda/2025-084 - Intranet Redevelopment and Records Management in SharePoint Online - Addendum 5.pdf,D:\Artificial intelligence\SDA\rfp_project_final\RFP_Project\data\raw\Tenders - Raw and Annotated\Nov6Alex - intranet Redevelopment and Records Management in SharePoint Online\ntranet Redevelopment and Records Management in SharePoint Online - Raw\2025-084_PreviewBidDocuments\Addenda\2025-084 - Intranet Redevelopment and Records Management in SharePoint Online - Addendum 5.pdf,225813,2026-06-10T03:01:00,pending,
49d2e3dcf772,nov6alex___intranet_redevelopment_and_records_management_in_sharepoint_online,Nov6Alex - intranet Redevelopment and Records Management in SharePoint Online,2025-084 - Intranet Redevelopment and Records Management in SharePoint Online - Addendum 7.pdf,pdf,Tenders - Raw and Annotated/Nov6Alex - intranet Redevelopment and Records Management in SharePoint Online/ntranet Redevelopment and Records Management in SharePoint Online - Raw/2025-084_PreviewBidDocuments/Addenda/2025-084 - Intranet Redevelopment and Records Management in SharePoint Online - Addendum 7.pdf,D:\Artificial intelligence\SDA\rfp_project_final\RFP_Project\data\raw\Tenders - Raw and Annotated\Nov6Alex - intranet Redevelopment and Records Management in SharePoint Online\ntranet Redevelopment and Records Management in SharePoint Online - Raw\2025-084_PreviewBidDocuments\Addenda\2025-084 - Intranet Redevelopment and Records Management in SharePoint Online - Addendum 7.pdf,230161,2026-06-10T03:01:00,pending,
27b4144f5868,nov6alex___intranet_redevelopment_and_records_management_in_sharepoint_online,Nov6Alex - intranet Redevelopment and Records Management in SharePoint Online,2025-084 - Intranet Redevelopment and Records Management in SharePoint Online -Addendum 4.pdf,pdf,Tenders - Raw and Annotated/Nov6Alex - intranet Redevelopment and Records Management in SharePoint Online/ntranet Redevelopment and Records Management in SharePoint Online - Raw/2025-084_PreviewBidDocuments/Addenda/2025-084 - Intranet Redevelopment and Records Management in SharePoint Online -Addendum 4.pdf,D:\Artificial intelligence\SDA\rfp_project_final\RFP_Project\data\raw\Tenders - Raw and Annotated\Nov6Alex - intranet Redevelopment and Records Management in SharePoint Online\ntranet Redevelopment and Records Management in SharePoint Online - Raw\2025-084_PreviewBidDocuments\Addenda\2025-084 - Intranet Redevelopment and Records Management in SharePoint Online -Addendum 4.pdf,236548,2026-06-10T03:01:00,pending,
24cc4279c71e,nov6alex___intranet_redevelopment_and_records_management_in_sharepoint_online,Nov6Alex - intranet Redevelopment and Records Management in SharePoint Online,2025-084 - Intranet Redevelopment and Records Management in SharePoint Online -Addendum 6.pdf,pdf,Tenders - Raw and Annotated/Nov6Alex - intranet Redevelopment and Records Management in SharePoint Online/ntranet Redevelopment and Records Management in SharePoint Online - Raw/2025-084_PreviewBidDocuments/Addenda/2025-084 - Intranet Redevelopment and Records Management in SharePoint Online -Addendum 6.pdf,D:\Artificial intelligence\SDA\rfp_project_final\RFP_Project\data\raw\Tenders - Raw and Annotated\Nov6Alex - intranet Redevelopment and Records Management in SharePoint Online\ntranet Redevelopment and Records Management in SharePoint Online - Raw\2025-084_PreviewBidDocuments\Addenda\2025-084 - Intranet Redevelopment and Records Management in SharePoint Online -Addendum 6.pdf,261359,2026-06-10T03:01:00,pending,
edd937955ab0,nov6alex___intranet_redevelopment_and_records_management_in_sharepoint_online,Nov6Alex - intranet Redevelopment and Records Management in SharePoint Online,2025-084 - Intranet Redevelopment and Records Management in SharePoint Online -Addendum 8.pdf,pdf,Tenders - Raw and Annotated/Nov6Alex - intranet Redevelopment and Records Management in SharePoint Online/ntranet Redevelopment and Records Management in SharePoint Online - Raw/2025-084_PreviewBidDocuments/Addenda/2025-084 - Intranet Redevelopment and Records Management in SharePoint Online -Addendum 8.pdf,D:\Artificial intelligence\SDA\rfp_project_final\RFP_Project\data\raw\Tenders - Raw and Annotated\Nov6Alex - intranet Redevelopment and Records Management in SharePoint Online\ntranet Redevelopment and Records Management in SharePoint Online - Raw\2025-084_PreviewBidDocuments\Addenda\2025-084 - Intranet Redevelopment and Records Management in SharePoint Online -Addendum 8.pdf,223828,2026-06-10T03:01:00,pending,
867c1090f23c,nov6alex___intranet_redevelopment_and_records_management_in_sharepoint_online,Nov6Alex - intranet Redevelopment and Records Management in SharePoint Online,2025-084.pdf,pdf,Tenders - Raw and Annotated/Nov6Alex - intranet Redevelopment and Records Management in SharePoint Online/ntranet Redevelopment and Records Management in SharePoint Online - Raw/2025-084_PreviewBidDocuments/Documents/2025-084.pdf,D:\Artificial intelligence\SDA\rfp_project_final\RFP_Project\data\raw\Tenders - Raw and Annotated\Nov6Alex - intranet Redevelopment and Records Management in SharePoint Online\ntranet Redevelopment and Records Management in SharePoint Online - Raw\2025-084_PreviewBidDocuments\Documents\2025-084.pdf,615657,2026-06-10T03:01:00,pending,
68bed81df192,nov6alex___intranet_redevelopment_and_records_management_in_sharepoint_online,Nov6Alex - intranet Redevelopment and Records Management in SharePoint Online,Appendix D - Online Strategy Intranet Proposed Roadmap.pdf,pdf,Tenders - Raw and Annotated/Nov6Alex - intranet Redevelopment and Records Management in SharePoint Online/ntranet Redevelopment and Records Management in SharePoint Online - Raw/2025-084_PreviewBidDocuments/Documents/Appendix D - Online Strategy Intranet Proposed Roadmap.pdf,D:\Artificial intelligence\SDA\rfp_project_final\RFP_Project\data\raw\Tenders - Raw and Annotated\Nov6Alex - intranet Redevelopment and Records Management in SharePoint Online\ntranet Redevelopment and Records Management in SharePoint Online - Raw\2025-084_PreviewBidDocuments\Documents\Appendix D - Online Strategy Intranet Proposed Roadmap.pdf,455610,2026-06-10T03:01:00,pending,
d95dae9ed493,nov6alex___intranet_redevelopment_and_records_management_in_sharepoint_online,Nov6Alex - intranet Redevelopment and Records Management in SharePoint Online,Appendix E - Sensitivity Label Definitions.pdf,pdf,Tenders - Raw and Annotated/Nov6Alex - intranet Redevelopment and Records Management in SharePoint Online/ntranet Redevelopment and Records Management in SharePoint Online - Raw/2025-084_PreviewBidDocuments/Documents/Appendix E - Sensitivity Label Definitions.pdf,D:\Artificial intelligence\SDA\rfp_project_final\RFP_Project\data\raw\Tenders - Raw and Annotated\Nov6Alex - intranet Redevelopment and Records Management in SharePoint Online\ntranet Redevelopment and Records Management in SharePoint Online - Raw\2025-084_PreviewBidDocuments\Documents\Appendix E - Sensitivity Label Definitions.pdf,187956,2026-06-10T03:01:00,pending,
5288f55e7eb3,nov6alex___intranet_redevelopment_and_records_management_in_sharepoint_online,Nov6Alex - intranet Redevelopment and Records Management in SharePoint Online,"Appendix F - Retention, Disposition & File Classification Manual Sample.pdf",pdf,"Tenders - Raw and Annotated/Nov6Alex - intranet Redevelopment and Records Management in SharePoint Online/ntranet Redevelopment and Records Management in SharePoint Online - Raw/2025-084_PreviewBidDocuments/Documents/Appendix F - Retention, Disposition & File Classification Manual Sample.pdf","D:\Artificial intelligence\SDA\rfp_project_final\RFP_Project\data\raw\Tenders - Raw and Annotated\Nov6Alex - intranet Redevelopment and Records Management in SharePoint Online\ntranet Redevelopment and Records Management in SharePoint Online - Raw\2025-084_PreviewBidDocuments\Documents\Appendix F - Retention, Disposition & File Classification Manual Sample.pdf",145681,2026-06-10T03:01:00,pending,
79f56125522e,nov6alex___it_services,Nov6Alex - IT Services,FileSummary.pdf,pdf,Tenders - Raw and Annotated/Nov6Alex - IT Services/IT Services - Raw/202501_PreviewBidDocuments/FileSummary.pdf,D:\Artificial intelligence\SDA\rfp_project_final\RFP_Project\data\raw\Tenders - Raw and Annotated\Nov6Alex - IT Services\IT Services - Raw\202501_PreviewBidDocuments\FileSummary.pdf,1859,2026-06-10T03:01:00,pending,
6b299bf861b0,nov6alex___it_services,Nov6Alex - IT Services,"RFP- 2025 IT Services Final Submitted Version July 3, 2025.pdf",pdf,"Tenders - Raw and Annotated/Nov6Alex - IT Services/IT Services - Raw/202501_PreviewBidDocuments/Documents/RFP- 2025 IT Services Final Submitted Version July 3, 2025.pdf","D:\Artificial intelligence\SDA\rfp_project_final\RFP_Project\data\raw\Tenders - Raw and Annotated\Nov6Alex - IT Services\IT Services - Raw\202501_PreviewBidDocuments\Documents\RFP- 2025 IT Services Final Submitted Version July 3, 2025.pdf",363273,2026-06-10T03:01:02,pending,
0b62f0aca727,"nov6alex___literacy_digital_tool_systems,_research_digital_tool_systems,_and_related_services_rfp_on_otp","Nov6Alex - Literacy Digital Tool Systems, Research Digital Tool Systems, and Related Services RFP on OTP",FileSummary.pdf,pdf,"Tenders - Raw and Annotated/Nov6Alex - Literacy Digital Tool Systems, Research Digital Tool Systems, and Related Services RFP on OTP/Literacy Digital Tool Systems, Research Digital Tool Systems, and Related Services RFP on OTP - Raw/#2025-490_PreviewBidDocuments/FileSummary.pdf","D:\Artificial intelligence\SDA\rfp_project_final\RFP_Project\data\raw\Tenders - Raw and Annotated\Nov6Alex - Literacy Digital Tool Systems, Research Digital Tool Systems, and Related Services RFP on OTP\Literacy Digital Tool Systems, Research Digital Tool Systems, and Related Services RFP on OTP - Raw\#2025-490_PreviewBidDocuments\FileSummary.pdf",1930,2026-06-10T03:01:00,pending,
cdeacbe83501,"nov6alex___literacy_digital_tool_systems,_research_digital_tool_systems,_and_related_services_rfp_on_otp","Nov6Alex - Literacy Digital Tool Systems, Research Digital Tool Systems, and Related Services RFP on OTP",LTD&RDT-2025-490-RFP-Posting-Notice-July-23-2025.pdf,pdf,"Tenders - Raw and Annotated/Nov6Alex - Literacy Digital Tool Systems, Research Digital Tool Systems, and Related Services RFP on OTP/Literacy Digital Tool Systems, Research Digital Tool Systems, and Related Services RFP on OTP - Raw/#2025-490_PreviewBidDocuments/Documents/LTD&RDT-2025-490-RFP-Posting-Notice-July-23-2025.pdf","D:\Artificial intelligence\SDA\rfp_project_final\RFP_Project\data\raw\Tenders - Raw and Annotated\Nov6Alex - Literacy Digital Tool Systems, Research Digital Tool Systems, and Related Services RFP on OTP\Literacy Digital Tool Systems, Research Digital Tool Systems, and Related Services RFP on OTP - Raw\#2025-490_PreviewBidDocuments\Documents\LTD&RDT-2025-490-RFP-Posting-Notice-July-23-2025.pdf",797595,2026-06-10T03:01:00,pending,
2c9e03f6eed9,nov6alex___model_validation_services,Nov6Alex - Model Validation Services,AMD001 - RFP_0.pdf,pdf,Tenders - Raw and Annotated/Nov6Alex - Model Validation Services/Model Validation Services - Raw/AMD001 - RFP_0.pdf,D:\Artificial intelligence\SDA\rfp_project_final\RFP_Project\data\raw\Tenders - Raw and Annotated\Nov6Alex - Model Validation Services\Model Validation Services - Raw\AMD001 - RFP_0.pdf,125387,2026-06-10T03:00:54,pending,
23e8a39c72ef,nov6alex___model_validation_services,Nov6Alex - Model Validation Services,Questions and Answers - Model Validation_e_0.pdf,pdf,Tenders - Raw and Annotated/Nov6Alex - Model Validation Services/Model Validation Services - Raw/Questions and Answers - Model Validation_e_0.pdf,D:\Artificial intelligence\SDA\rfp_project_final\RFP_Project\data\raw\Tenders - Raw and Annotated\Nov6Alex - Model Validation Services\Model Validation Services - Raw\Questions and Answers - Model Validation_e_0.pdf,136896,2026-06-10T03:00:54,pending,
2f7fca031214,nov6alex___model_validation_services,Nov6Alex - Model Validation Services,Request for Proposal (RFP)_en (1).pdf,pdf,Tenders - Raw and Annotated/Nov6Alex - Model Validation Services/Model Validation Services - Raw/Request for Proposal (RFP)_en (1).pdf,D:\Artificial intelligence\SDA\rfp_project_final\RFP_Project\data\raw\Tenders - Raw and Annotated\Nov6Alex - Model Validation Services\Model Validation Services - Raw\Request for Proposal (RFP)_en (1).pdf,1498618,2026-06-10T03:00:56,pending,
c0ed3eae39a6,nov6alex___survey_and_engagement_software,Nov6Alex - Survey and Engagement Software,RFP #NSECSB-2025-01 - Survey and Engagement Tool-0988476 (1).pdf,pdf,Tenders - Raw and Annotated/Nov6Alex - Survey and Engagement Software/Survey and Engagement Software - Raw/RFP #NSECSB-2025-01 - Survey and Engagement Tool-0988476 (1).pdf,D:\Artificial intelligence\SDA\rfp_project_final\RFP_Project\data\raw\Tenders - Raw and Annotated\Nov6Alex - Survey and Engagement Software\Survey and Engagement Software - Raw\RFP #NSECSB-2025-01 - Survey and Engagement Tool-0988476 (1).pdf,566176,2026-06-10T03:00:58,pending,
c8bc01fafb2d,nov6alex___teams_and_sharepoint_online_governance_software_and_services,Nov6Alex - Teams and SharePoint Online Governance Software and Services,FileSummary.pdf,pdf,Tenders - Raw and Annotated/Nov6Alex - Teams and SharePoint Online Governance Software and Services/Teams and SharePoint Online Governance Software and Services - Raw/2025-085_PreviewBidDocuments/FileSummary.pdf,D:\Artificial intelligence\SDA\rfp_project_final\RFP_Project\data\raw\Tenders - Raw and Annotated\Nov6Alex - Teams and SharePoint Online Governance Software and Services\Teams and SharePoint Online Governance Software and Services - Raw\2025-085_PreviewBidDocuments\FileSummary.pdf,2304,2026-06-10T03:00:56,pending,
0644c486ec4e,nov6alex___teams_and_sharepoint_online_governance_software_and_services,Nov6Alex - Teams and SharePoint Online Governance Software and Services,2025-085 - Teams and SharePoint Online Governance Software and Services - Addendum 1.pdf,pdf,Tenders - Raw and Annotated/Nov6Alex - Teams and SharePoint Online Governance Software and Services/Teams and SharePoint Online Governance Software and Services - Raw/2025-085_PreviewBidDocuments/Addenda/2025-085 - Teams and SharePoint Online Governance Software and Services - Addendum 1.pdf,D:\Artificial intelligence\SDA\rfp_project_final\RFP_Project\data\raw\Tenders - Raw and Annotated\Nov6Alex - Teams and SharePoint Online Governance Software and Services\Teams and SharePoint Online Governance Software and Services - Raw\2025-085_PreviewBidDocuments\Addenda\2025-085 - Teams and SharePoint Online Governance Software and Services - Addendum 1.pdf,226296,2026-06-10T03:00:58,pending,
7deda97080bb,nov6alex___teams_and_sharepoint_online_governance_software_and_services,Nov6Alex - Teams and SharePoint Online Governance Software and Services,2025-085 - Teams and SharePoint Online Governance Software and Services - Addendum 2.pdf,pdf,Tenders - Raw and Annotated/Nov6Alex - Teams and SharePoint Online Governance Software and Services/Teams and SharePoint Online Governance Software and Services - Raw/2025-085_PreviewBidDocuments/Addenda/2025-085 - Teams and SharePoint Online Governance Software and Services - Addendum 2.pdf,D:\Artificial intelligence\SDA\rfp_project_final\RFP_Project\data\raw\Tenders - Raw and Annotated\Nov6Alex - Teams and SharePoint Online Governance Software and Services\Teams and SharePoint Online Governance Software and Services - Raw\2025-085_PreviewBidDocuments\Addenda\2025-085 - Teams and SharePoint Online Governance Software and Services - Addendum 2.pdf,503485,2026-06-10T03:00:58,pending,
cd4a8e6349d4,nov6alex___teams_and_sharepoint_online_governance_software_and_services,Nov6Alex - Teams and SharePoint Online Governance Software and Services,2025-085 - Teams and SharePoint Online Governance Software and Services - Addendum 3.pdf,pdf,Tenders - Raw and Annotated/Nov6Alex - Teams and SharePoint Online Governance Software and Services/Teams and SharePoint Online Governance Software and Services - Raw/2025-085_PreviewBidDocuments/Addenda/2025-085 - Teams and SharePoint Online Governance Software and Services - Addendum 3.pdf,D:\Artificial intelligence\SDA\rfp_project_final\RFP_Project\data\raw\Tenders - Raw and Annotated\Nov6Alex - Teams and SharePoint Online Governance Software and Services\Teams and SharePoint Online Governance Software and Services - Raw\2025-085_PreviewBidDocuments\Addenda\2025-085 - Teams and SharePoint Online Governance Software and Services - Addendum 3.pdf,238139,2026-06-10T03:00:58,pending,
d9faa48cc5f3,nov6alex___teams_and_sharepoint_online_governance_software_and_services,Nov6Alex - Teams and SharePoint Online Governance Software and Services,2025-085 - Teams and SharePoint Online Governance Software and Services - Addendum 4.pdf,pdf,Tenders - Raw and Annotated/Nov6Alex - Teams and SharePoint Online Governance Software and Services/Teams and SharePoint Online Governance Software and Services - Raw/2025-085_PreviewBidDocuments/Addenda/2025-085 - Teams and SharePoint Online Governance Software and Services - Addendum 4.pdf,D:\Artificial intelligence\SDA\rfp_project_final\RFP_Project\data\raw\Tenders - Raw and Annotated\Nov6Alex - Teams and SharePoint Online Governance Software and Services\Teams and SharePoint Online Governance Software and Services - Raw\2025-085_PreviewBidDocuments\Addenda\2025-085 - Teams and SharePoint Online Governance Software and Services - Addendum 4.pdf,223587,2026-06-10T03:00:58,pending,
af187977a8be,nov6alex___teams_and_sharepoint_online_governance_software_and_services,Nov6Alex - Teams and SharePoint Online Governance Software and Services,2025-085 - Teams and SharePoint Online Governance Software and Services - Addendum 5.pdf,pdf,Tenders - Raw and Annotated/Nov6Alex - Teams and SharePoint Online Governance Software and Services/Teams and SharePoint Online Governance Software and Services - Raw/2025-085_PreviewBidDocuments/Addenda/2025-085 - Teams and SharePoint Online Governance Software and Services - Addendum 5.pdf,D:\Artificial intelligence\SDA\rfp_project_final\RFP_Project\data\raw\Tenders - Raw and Annotated\Nov6Alex - Teams and SharePoint Online Governance Software and Services\Teams and SharePoint Online Governance Software and Services - Raw\2025-085_PreviewBidDocuments\Addenda\2025-085 - Teams and SharePoint Online Governance Software and Services - Addendum 5.pdf,229975,2026-06-10T03:00:56,pending,
1e30e9f8f5c1,nov6alex___teams_and_sharepoint_online_governance_software_and_services,Nov6Alex - Teams and SharePoint Online Governance Software and Services,2025-085.pdf,pdf,Tenders - Raw and Annotated/Nov6Alex - Teams and SharePoint Online Governance Software and Services/Teams and SharePoint Online Governance Software and Services - Raw/2025-085_PreviewBidDocuments/Documents/2025-085.pdf,D:\Artificial intelligence\SDA\rfp_project_final\RFP_Project\data\raw\Tenders - Raw and Annotated\Nov6Alex - Teams and SharePoint Online Governance Software and Services\Teams and SharePoint Online Governance Software and Services - Raw\2025-085_PreviewBidDocuments\Documents\2025-085.pdf,597320,2026-06-10T03:00:58,pending,
1d575250ad21,nov6alex___teams_and_sharepoint_online_governance_software_and_services,Nov6Alex - Teams and SharePoint Online Governance Software and Services,Appendix B - Governance Plan Excerpts.pdf,pdf,Tenders - Raw and Annotated/Nov6Alex - Teams and SharePoint Online Governance Software and Services/Teams and SharePoint Online Governance Software and Services - Raw/2025-085_PreviewBidDocuments/Documents/Appendix B - Governance Plan Excerpts.pdf,D:\Artificial intelligence\SDA\rfp_project_final\RFP_Project\data\raw\Tenders - Raw and Annotated\Nov6Alex - Teams and SharePoint Online Governance Software and Services\Teams and SharePoint Online Governance Software and Services - Raw\2025-085_PreviewBidDocuments\Documents\Appendix B - Governance Plan Excerpts.pdf,420855,2026-06-10T03:00:58,pending,
ebc62e9f268e,nov6alex___web_scraping_services_for_statistics_canada,Nov6Alex - Web Scraping Services for Statistics Canada,RFP - J079807-A (En) (1).pdf,pdf,Tenders - Raw and Annotated/Nov6Alex - Web Scraping Services for Statistics Canada/Web Scraping Services for Statistics Canada - Raw/RFP - J079807-A (En) (1).pdf,D:\Artificial intelligence\SDA\rfp_project_final\RFP_Project\data\raw\Tenders - Raw and Annotated\Nov6Alex - Web Scraping Services for Statistics Canada\Web Scraping Services for Statistics Canada - Raw\RFP - J079807-A (En) (1).pdf,1385946,2026-06-10T03:00:56,pending,
cbc69d6e3f2c,nov6alex___web_scraping_services_for_statistics_canada,Nov6Alex - Web Scraping Services for Statistics Canada,RFP J079807-A (En) AMD-01.pdf,pdf,Tenders - Raw and Annotated/Nov6Alex - Web Scraping Services for Statistics Canada/Web Scraping Services for Statistics Canada - Raw/RFP J079807-A (En) AMD-01.pdf,D:\Artificial intelligence\SDA\rfp_project_final\RFP_Project\data\raw\Tenders - Raw and Annotated\Nov6Alex - Web Scraping Services for Statistics Canada\Web Scraping Services for Statistics Canada - Raw\RFP J079807-A (En) AMD-01.pdf,291240,2026-06-10T03:00:56,pending,
4a79ae839a09,nov6alex___web_scraping_services_for_statistics_canada,Nov6Alex - Web Scraping Services for Statistics Canada,RFP J079807-A (En) AMD-02.pdf,pdf,Tenders - Raw and Annotated/Nov6Alex - Web Scraping Services for Statistics Canada/Web Scraping Services for Statistics Canada - Raw/RFP J079807-A (En) AMD-02.pdf,D:\Artificial intelligence\SDA\rfp_project_final\RFP_Project\data\raw\Tenders - Raw and Annotated\Nov6Alex - Web Scraping Services for Statistics Canada\Web Scraping Services for Statistics Canada - Raw\RFP J079807-A (En) AMD-02.pdf,275570,2026-06-10T03:00:56,pending,
be83863fb7f2,nov6allen___canadian_specialist_program_provider,Nov6Allen - Canadian Specialist Program Provider,Addenda#1 DDPN DC-2025-PO-02 Fournisseur du Programme des spécialistes du Canada.pdf,pdf,Tenders - Raw and Annotated/Nov6Allen - Canadian Specialist Program Provider/Canadian Specialist Program Provider - raw/Addenda#1 DDPN DC-2025-PO-02 Fournisseur du Programme des spécialistes du Canada.pdf,D:\Artificial intelligence\SDA\rfp_project_final\RFP_Project\data\raw\Tenders - Raw and Annotated\Nov6Allen - Canadian Specialist Program Provider\Canadian Specialist Program Provider - raw\Addenda#1 DDPN DC-2025-PO-02 Fournisseur du Programme des spécialistes du Canada.pdf,163485,2026-06-10T03:00:56,pending,
a14481a9f5dd,nov6allen___canadian_specialist_program_provider,Nov6Allen - Canadian Specialist Program Provider,Addendum #1 NRFP-DC-2025-PO-02 Canadian Specialist Program Provider.pdf,pdf,Tenders - Raw and Annotated/Nov6Allen - Canadian Specialist Program Provider/Canadian Specialist Program Provider - raw/Addendum #1 NRFP-DC-2025-PO-02 Canadian Specialist Program Provider.pdf,D:\Artificial intelligence\SDA\rfp_project_final\RFP_Project\data\raw\Tenders - Raw and Annotated\Nov6Allen - Canadian Specialist Program Provider\Canadian Specialist Program Provider - raw\Addendum #1 NRFP-DC-2025-PO-02 Canadian Specialist Program Provider.pdf,93779,2026-06-10T03:00:56,pending,
db74b356f22a,nov6allen___canadian_specialist_program_provider,Nov6Allen - Canadian Specialist Program Provider,DC-2025-PO-02 NRFP Canadian Specialist Program Provider.pdf,pdf,Tenders - Raw and Annotated/Nov6Allen - Canadian Specialist Program Provider/Canadian Specialist Program Provider - raw/DC-2025-PO-02 NRFP Canadian Specialist Program Provider.pdf,D:\Artificial intelligence\SDA\rfp_project_final\RFP_Project\data\raw\Tenders - Raw and Annotated\Nov6Allen - Canadian Specialist Program Provider\Canadian Specialist Program Provider - raw\DC-2025-PO-02 NRFP Canadian Specialist Program Provider.pdf,2013320,2026-06-10T03:00:56,pending,
adbb8d1e934a,nov6allen___information_&_data_enterprise_architect,Nov6Allen - Information & Data Enterprise Architect,Information and Data Enterprise Architect RFP 098-WCB-25-032 Apr 28.25 FINAL.docx,docx,Tenders - Raw and Annotated/Nov6Allen - Information & Data Enterprise Architect/Information & Data Enterprise Architect - raw/Information and Data Enterprise Architect RFP 098-WCB-25-032 Apr 28.25 FINAL.docx,D:\Artificial intelligence\SDA\rfp_project_final\RFP_Project\data\raw\Tenders - Raw and Annotated\Nov6Allen - Information & Data Enterprise Architect\Information & Data Enterprise Architect - raw\Information and Data Enterprise Architect RFP 098-WCB-25-032 Apr 28.25 FINAL.docx,94149,2026-06-10T03:01:00,pending,
7ce798aa106e,nov6allen___information_&_data_enterprise_architect,Nov6Allen - Information & Data Enterprise Architect,RFP 25-032 Addendum No. 1 Q_A(DOCX).pdf,pdf,Tenders - Raw and Annotated/Nov6Allen - Information & Data Enterprise Architect/Information & Data Enterprise Architect - raw/RFP 25-032 Addendum No. 1 Q_A(DOCX).pdf,D:\Artificial intelligence\SDA\rfp_project_final\RFP_Project\data\raw\Tenders - Raw and Annotated\Nov6Allen - Information & Data Enterprise Architect\Information & Data Enterprise Architect - raw\RFP 25-032 Addendum No. 1 Q_A(DOCX).pdf,54176,2026-06-10T03:01:00,pending,
22fb642eb9dc,nov6allen___information_&_data_enterprise_architect,Nov6Allen - Information & Data Enterprise Architect,RFP 25-032 Addendum No. 2 Q_A(DOCX).pdf,pdf,Tenders - Raw and Annotated/Nov6Allen - Information & Data Enterprise Architect/Information & Data Enterprise Architect - raw/RFP 25-032 Addendum No. 2 Q_A(DOCX).pdf,D:\Artificial intelligence\SDA\rfp_project_final\RFP_Project\data\raw\Tenders - Raw and Annotated\Nov6Allen - Information & Data Enterprise Architect\Information & Data Enterprise Architect - raw\RFP 25-032 Addendum No. 2 Q_A(DOCX).pdf,53763,2026-06-10T03:01:00,pending,
c8f3c4455a95,nov6allen___model_validation_services,Nov6Allen - Model Validation Services,AMD001 - RFP_0.pdf,pdf,Tenders - Raw and Annotated/Nov6Allen - Model Validation Services/Model Validation Services - raw/AMD001 - RFP_0.pdf,D:\Artificial intelligence\SDA\rfp_project_final\RFP_Project\data\raw\Tenders - Raw and Annotated\Nov6Allen - Model Validation Services\Model Validation Services - raw\AMD001 - RFP_0.pdf,125387,2026-06-10T03:00:56,pending,
3915c7f5adec,nov6allen___model_validation_services,Nov6Allen - Model Validation Services,Questions and Answers - Model Validation_e_0.pdf,pdf,Tenders - Raw and Annotated/Nov6Allen - Model Validation Services/Model Validation Services - raw/Questions and Answers - Model Validation_e_0.pdf,D:\Artificial intelligence\SDA\rfp_project_final\RFP_Project\data\raw\Tenders - Raw and Annotated\Nov6Allen - Model Validation Services\Model Validation Services - raw\Questions and Answers - Model Validation_e_0.pdf,136896,2026-06-10T03:00:56,pending,
853974906a6e,nov6allen___model_validation_services,Nov6Allen - Model Validation Services,Questions and Answers - Model Validation_f_0.pdf,pdf,Tenders - Raw and Annotated/Nov6Allen - Model Validation Services/Model Validation Services - raw/Questions and Answers - Model Validation_f_0.pdf,D:\Artificial intelligence\SDA\rfp_project_final\RFP_Project\data\raw\Tenders - Raw and Annotated\Nov6Allen - Model Validation Services\Model Validation Services - raw\Questions and Answers - Model Validation_f_0.pdf,156551,2026-06-10T03:00:56,pending,
2ede187bad9d,nov6allen___model_validation_services,Nov6Allen - Model Validation Services,Request for Proposal (RFP)_en.pdf,pdf,Tenders - Raw and Annotated/Nov6Allen - Model Validation Services/Model Validation Services - raw/Request for Proposal (RFP)_en.pdf,D:\Artificial intelligence\SDA\rfp_project_final\RFP_Project\data\raw\Tenders - Raw and Annotated\Nov6Allen - Model Validation Services\Model Validation Services - raw\Request for Proposal (RFP)_en.pdf,1498618,2026-06-10T03:00:56,pending,
c122a1744fe7,nov6allen___model_validation_services,Nov6Allen - Model Validation Services,Request for Proposal (RFP)_f_0.pdf,pdf,Tenders - Raw and Annotated/Nov6Allen - Model Validation Services/Model Validation Services - raw/Request for Proposal (RFP)_f_0.pdf,D:\Artificial intelligence\SDA\rfp_project_final\RFP_Project\data\raw\Tenders - Raw and Annotated\Nov6Allen - Model Validation Services\Model Validation Services - raw\Request for Proposal (RFP)_f_0.pdf,1578114,2026-06-10T03:00:56,pending,
5719c5310e0e,nov6allen___multimodal_image_analysis_system,Nov6Allen - Multimodal image analysis system,01. 44818-2a-RFP _Main document_UOttawa.docx,docx,Tenders - Raw and Annotated/Nov6Allen - Multimodal image analysis system/Multimodal image analysis system - raw/01. 44818-2a-RFP _Main document_UOttawa.docx,D:\Artificial intelligence\SDA\rfp_project_final\RFP_Project\data\raw\Tenders - Raw and Annotated\Nov6Allen - Multimodal image analysis system\Multimodal image analysis system - raw\01. 44818-2a-RFP _Main document_UOttawa.docx,69234,2026-06-10T03:01:04,pending,
2ac1da7abd08,nov6allen___multimodal_image_analysis_system,Nov6Allen - Multimodal image analysis system,02-APPENDIX A _44818-2a-RFP - Form of Agreement Research.docx,docx,Tenders - Raw and Annotated/Nov6Allen - Multimodal image analysis system/Multimodal image analysis system - raw/02-APPENDIX A _44818-2a-RFP - Form of Agreement Research.docx,D:\Artificial intelligence\SDA\rfp_project_final\RFP_Project\data\raw\Tenders - Raw and Annotated\Nov6Allen - Multimodal image analysis system\Multimodal image analysis system - raw\02-APPENDIX A _44818-2a-RFP - Form of Agreement Research.docx,74321,2026-06-10T03:01:04,pending,
f61b97355a7c,nov6allen___multimodal_image_analysis_system,Nov6Allen - Multimodal image analysis system,03 - APPENDIX B - 44818-2a- Submission Form.docx,docx,Tenders - Raw and Annotated/Nov6Allen - Multimodal image analysis system/Multimodal image analysis system - raw/03 - APPENDIX B - 44818-2a- Submission Form.docx,D:\Artificial intelligence\SDA\rfp_project_final\RFP_Project\data\raw\Tenders - Raw and Annotated\Nov6Allen - Multimodal image analysis system\Multimodal image analysis system - raw\03 - APPENDIX B - 44818-2a- Submission Form.docx,47882,2026-06-10T03:01:02,pending,
346654a07472,nov6allen___multimodal_image_analysis_system,Nov6Allen - Multimodal image analysis system,04 - APPENDIX C - 44818-2a-RFP - Pricing.docx,docx,Tenders - Raw and Annotated/Nov6Allen - Multimodal image analysis system/Multimodal image analysis system - raw/04 - APPENDIX C - 44818-2a-RFP - Pricing.docx,D:\Artificial intelligence\SDA\rfp_project_final\RFP_Project\data\raw\Tenders - Raw and Annotated\Nov6Allen - Multimodal image analysis system\Multimodal image analysis system - raw\04 - APPENDIX C - 44818-2a-RFP - Pricing.docx,72540,2026-06-10T03:01:04,pending,
26a38d37d8c9,nov6allen___multimodal_image_analysis_system,Nov6Allen - Multimodal image analysis system,05 - Appendix D - 44818-2a-RFP - RFP Particulars - Research.docx,docx,Tenders - Raw and Annotated/Nov6Allen - Multimodal image analysis system/Multimodal image analysis system - raw/05 - Appendix D - 44818-2a-RFP - RFP Particulars - Research.docx,D:\Artificial intelligence\SDA\rfp_project_final\RFP_Project\data\raw\Tenders - Raw and Annotated\Nov6Allen - Multimodal image analysis system\Multimodal image analysis system - raw\05 - Appendix D - 44818-2a-RFP - RFP Particulars - Research.docx,116323,2026-06-10T03:01:04,pending,
4ec8a3c73ede,nov6allen___multimodal_image_analysis_system,Nov6Allen - Multimodal image analysis system,08 - APPENDIX G - 44818-2a-RFP - Supplemental information.docx,docx,Tenders - Raw and Annotated/Nov6Allen - Multimodal image analysis system/Multimodal image analysis system - raw/08 - APPENDIX G - 44818-2a-RFP - Supplemental information.docx,D:\Artificial intelligence\SDA\rfp_project_final\RFP_Project\data\raw\Tenders - Raw and Annotated\Nov6Allen - Multimodal image analysis system\Multimodal image analysis system - raw\08 - APPENDIX G - 44818-2a-RFP - Supplemental information.docx,33117,2026-06-10T03:01:02,pending,
601fc777cc79,nov6allen___multimodal_image_analysis_system,Nov6Allen - Multimodal image analysis system,Addendum 1 - 44818-2a.docx,docx,Tenders - Raw and Annotated/Nov6Allen - Multimodal image analysis system/Multimodal image analysis system - raw/Addendum 1 - 44818-2a.docx,D:\Artificial intelligence\SDA\rfp_project_final\RFP_Project\data\raw\Tenders - Raw and Annotated\Nov6Allen - Multimodal image analysis system\Multimodal image analysis system - raw\Addendum 1 - 44818-2a.docx,34282,2026-06-10T03:01:04,pending,
62f375780eb4,nov6allen___web_scraping_services_for_statistics_canada,Nov6Allen - Web Scraping Services for Statistics Canada,DDO - J079807-A (Fr).pdf,pdf,Tenders - Raw and Annotated/Nov6Allen - Web Scraping Services for Statistics Canada/Web Scraping Services for Statistics Canada - raw/DDO - J079807-A (Fr).pdf,D:\Artificial intelligence\SDA\rfp_project_final\RFP_Project\data\raw\Tenders - Raw and Annotated\Nov6Allen - Web Scraping Services for Statistics Canada\Web Scraping Services for Statistics Canada - raw\DDO - J079807-A (Fr).pdf,1445751,2026-06-10T03:00:56,pending,
91c2798a8b79,nov6allen___web_scraping_services_for_statistics_canada,Nov6Allen - Web Scraping Services for Statistics Canada,DDO J079807-A (FR) AMD-01.pdf,pdf,Tenders - Raw and Annotated/Nov6Allen - Web Scraping Services for Statistics Canada/Web Scraping Services for Statistics Canada - raw/DDO J079807-A (FR) AMD-01.pdf,D:\Artificial intelligence\SDA\rfp_project_final\RFP_Project\data\raw\Tenders - Raw and Annotated\Nov6Allen - Web Scraping Services for Statistics Canada\Web Scraping Services for Statistics Canada - raw\DDO J079807-A (FR) AMD-01.pdf,293921,2026-06-10T03:00:56,pending,
232d78c156be,nov6allen___web_scraping_services_for_statistics_canada,Nov6Allen - Web Scraping Services for Statistics Canada,DDO J079807-A (FR) AMD-02.pdf,pdf,Tenders - Raw and Annotated/Nov6Allen - Web Scraping Services for Statistics Canada/Web Scraping Services for Statistics Canada - raw/DDO J079807-A (FR) AMD-02.pdf,D:\Artificial intelligence\SDA\rfp_project_final\RFP_Project\data\raw\Tenders - Raw and Annotated\Nov6Allen - Web Scraping Services for Statistics Canada\Web Scraping Services for Statistics Canada - raw\DDO J079807-A (FR) AMD-02.pdf,279502,2026-06-10T03:00:56,pending,
afacae23b140,nov6allen___web_scraping_services_for_statistics_canada,Nov6Allen - Web Scraping Services for Statistics Canada,RFP - J079807-A (En).pdf,pdf,Tenders - Raw and Annotated/Nov6Allen - Web Scraping Services for Statistics Canada/Web Scraping Services for Statistics Canada - raw/RFP - J079807-A (En).pdf,D:\Artificial intelligence\SDA\rfp_project_final\RFP_Project\data\raw\Tenders - Raw and Annotated\Nov6Allen - Web Scraping Services for Statistics Canada\Web Scraping Services for Statistics Canada - raw\RFP - J079807-A (En).pdf,1385946,2026-06-10T03:00:56,pending,
11c504bfdcf0,nov6allen___web_scraping_services_for_statistics_canada,Nov6Allen - Web Scraping Services for Statistics Canada,RFP J079807-A (En) AMD-01.pdf,pdf,Tenders - Raw and Annotated/Nov6Allen - Web Scraping Services for Statistics Canada/Web Scraping Services for Statistics Canada - raw/RFP J079807-A (En) AMD-01.pdf,D:\Artificial intelligence\SDA\rfp_project_final\RFP_Project\data\raw\Tenders - Raw and Annotated\Nov6Allen - Web Scraping Services for Statistics Canada\Web Scraping Services for Statistics Canada - raw\RFP J079807-A (En) AMD-01.pdf,291240,2026-06-10T03:00:56,pending,
13dc88beceec,nov6allen___web_scraping_services_for_statistics_canada,Nov6Allen - Web Scraping Services for Statistics Canada,RFP J079807-A (En) AMD-02.pdf,pdf,Tenders - Raw and Annotated/Nov6Allen - Web Scraping Services for Statistics Canada/Web Scraping Services for Statistics Canada - raw/RFP J079807-A (En) AMD-02.pdf,D:\Artificial intelligence\SDA\rfp_project_final\RFP_Project\data\raw\Tenders - Raw and Annotated\Nov6Allen - Web Scraping Services for Statistics Canada\Web Scraping Services for Statistics Canada - raw\RFP J079807-A (En) AMD-02.pdf,275570,2026-06-10T03:00:56,pending,
46da9bff6db8,nov6louise___data_center_decommissioning_services___two_locations,Nov6Louise - Data Center Decommissioning Services - Two Locations,Master_Purchase_Agreement_Draft.pdf,pdf,Tenders - Raw and Annotated/Nov6Louise - Data Center Decommissioning Services - Two Locations/raw file/Master_Purchase_Agreement_Draft.pdf,D:\Artificial intelligence\SDA\rfp_project_final\RFP_Project\data\raw\Tenders - Raw and Annotated\Nov6Louise - Data Center Decommissioning Services - Two Locations\raw file\Master_Purchase_Agreement_Draft.pdf,505438,2026-06-10T03:01:02,pending,
9948c7bca600,nov6louise___data_center_decommissioning_services___two_locations,Nov6Louise - Data Center Decommissioning Services - Two Locations,NRFP_1070-2526-203_Data_Centers_Decommissioning_10212025_RT_final.docx,docx,Tenders - Raw and Annotated/Nov6Louise - Data Center Decommissioning Services - Two Locations/raw file/NRFP_1070-2526-203_Data_Centers_Decommissioning_10212025_RT_final.docx,D:\Artificial intelligence\SDA\rfp_project_final\RFP_Project\data\raw\Tenders - Raw and Annotated\Nov6Louise - Data Center Decommissioning Services - Two Locations\raw file\NRFP_1070-2526-203_Data_Centers_Decommissioning_10212025_RT_final.docx,155393,2026-06-10T03:01:02,pending,
f79d06c0a200,nov6louise___digitization_and_scanning_services,Nov6Louise - Digitization and Scanning Services,FileSummary.pdf,pdf,Tenders - Raw and Annotated/Nov6Louise - Digitization and Scanning Services/RFP-2510032_PreviewBidDocuments/FileSummary.pdf,D:\Artificial intelligence\SDA\rfp_project_final\RFP_Project\data\raw\Tenders - Raw and Annotated\Nov6Louise - Digitization and Scanning Services\RFP-2510032_PreviewBidDocuments\FileSummary.pdf,2040,2026-06-10T03:00:58,pending,
ce06b8621b5e,nov6louise___digitization_and_scanning_services,Nov6Louise - Digitization and Scanning Services,RFP-2510032 - Addendum 1.pdf,pdf,Tenders - Raw and Annotated/Nov6Louise - Digitization and Scanning Services/RFP-2510032_PreviewBidDocuments/Addenda/RFP-2510032 - Addendum 1.pdf,D:\Artificial intelligence\SDA\rfp_project_final\RFP_Project\data\raw\Tenders - Raw and Annotated\Nov6Louise - Digitization and Scanning Services\RFP-2510032_PreviewBidDocuments\Addenda\RFP-2510032 - Addendum 1.pdf,144103,2026-06-10T03:00:58,pending,
52317034f04c,nov6louise___digitization_and_scanning_services,Nov6Louise - Digitization and Scanning Services,RFP-2510032 - Addendum 2.pdf,pdf,Tenders - Raw and Annotated/Nov6Louise - Digitization and Scanning Services/RFP-2510032_PreviewBidDocuments/Addenda/RFP-2510032 - Addendum 2.pdf,D:\Artificial intelligence\SDA\rfp_project_final\RFP_Project\data\raw\Tenders - Raw and Annotated\Nov6Louise - Digitization and Scanning Services\RFP-2510032_PreviewBidDocuments\Addenda\RFP-2510032 - Addendum 2.pdf,166164,2026-06-10T03:00:58,pending,
07c8a7e0c624,nov6louise___digitization_and_scanning_services,Nov6Louise - Digitization and Scanning Services,RFP-2510032 - Addendum 3.pdf,pdf,Tenders - Raw and Annotated/Nov6Louise - Digitization and Scanning Services/RFP-2510032_PreviewBidDocuments/Addenda/RFP-2510032 - Addendum 3.pdf,D:\Artificial intelligence\SDA\rfp_project_final\RFP_Project\data\raw\Tenders - Raw and Annotated\Nov6Louise - Digitization and Scanning Services\RFP-2510032_PreviewBidDocuments\Addenda\RFP-2510032 - Addendum 3.pdf,205678,2026-06-10T03:00:58,pending,
f8fb8b00231c,nov6louise___digitization_and_scanning_services,Nov6Louise - Digitization and Scanning Services,RFP-2510032 Standard Supplier Agreement.pdf,pdf,Tenders - Raw and Annotated/Nov6Louise - Digitization and Scanning Services/RFP-2510032_PreviewBidDocuments/Documents/RFP-2510032 Standard Supplier Agreement.pdf,D:\Artificial intelligence\SDA\rfp_project_final\RFP_Project\data\raw\Tenders - Raw and Annotated\Nov6Louise - Digitization and Scanning Services\RFP-2510032_PreviewBidDocuments\Documents\RFP-2510032 Standard Supplier Agreement.pdf,272930,2026-06-10T03:00:58,pending,
ab5e5d54d276,nov6louise___digitization_and_scanning_services,Nov6Louise - Digitization and Scanning Services,RFP-2510032.pdf,pdf,Tenders - Raw and Annotated/Nov6Louise - Digitization and Scanning Services/RFP-2510032_PreviewBidDocuments/Documents/RFP-2510032.pdf,D:\Artificial intelligence\SDA\rfp_project_final\RFP_Project\data\raw\Tenders - Raw and Annotated\Nov6Louise - Digitization and Scanning Services\RFP-2510032_PreviewBidDocuments\Documents\RFP-2510032.pdf,841214,2026-06-10T03:00:58,pending,
aaf50b4ad93b,nov6louise___human_resources_information_system_(hris)_solution,Nov6Louise - Human Resources Information System (HRIS) Solution,FileSummary.pdf,pdf,Tenders - Raw and Annotated/Nov6Louise - Human Resources Information System (HRIS) Solution/R25-27_PreviewBidDocuments/FileSummary.pdf,D:\Artificial intelligence\SDA\rfp_project_final\RFP_Project\data\raw\Tenders - Raw and Annotated\Nov6Louise - Human Resources Information System (HRIS) Solution\R25-27_PreviewBidDocuments\FileSummary.pdf,2177,2026-06-10T03:01:00,pending,
ddfa0b6e7a9f,nov6louise___human_resources_information_system_(hris)_solution,Nov6Louise - Human Resources Information System (HRIS) Solution,Appendix A - Form of Agreement - Term Sheet HRIS.pdf.pdf,pdf,Tenders - Raw and Annotated/Nov6Louise - Human Resources Information System (HRIS) Solution/R25-27_PreviewBidDocuments/Documents/Appendix A - Form of Agreement - Term Sheet HRIS.pdf.pdf,D:\Artificial intelligence\SDA\rfp_project_final\RFP_Project\data\raw\Tenders - Raw and Annotated\Nov6Louise - Human Resources Information System (HRIS) Solution\R25-27_PreviewBidDocuments\Documents\Appendix A - Form of Agreement - Term Sheet HRIS.pdf.pdf,302850,2026-06-10T03:01:00,pending,
0416bdc0ed1e,nov6louise___human_resources_information_system_(hris)_solution,Nov6Louise - Human Resources Information System (HRIS) Solution,R25-27.pdf,pdf,Tenders - Raw and Annotated/Nov6Louise - Human Resources Information System (HRIS) Solution/R25-27_PreviewBidDocuments/Documents/R25-27.pdf,D:\Artificial intelligence\SDA\rfp_project_final\RFP_Project\data\raw\Tenders - Raw and Annotated\Nov6Louise - Human Resources Information System (HRIS) Solution\R25-27_PreviewBidDocuments\Documents\R25-27.pdf,1009541,2026-06-10T03:01:00,pending,
1a30e14926c8,nov6louise___market_research_database_solution,Nov6Louise - Market Research Database Solution,RFP_25-040_BC_Bid_Posting.pdf,pdf,Tenders - Raw and Annotated/Nov6Louise - Market Research Database Solution/raw file/RFP_25-040_BC_Bid_Posting.pdf,D:\Artificial intelligence\SDA\rfp_project_final\RFP_Project\data\raw\Tenders - Raw and Annotated\Nov6Louise - Market Research Database Solution\raw file\RFP_25-040_BC_Bid_Posting.pdf,126742,2026-06-10T03:00:58,pending,
db3489413250,nov6louise___market_research_database_solution,Nov6Louise - Market Research Database Solution,1-RFP 25-040 Market Research Database Solution.pdf,pdf,Tenders - Raw and Annotated/Nov6Louise - Market Research Database Solution/raw file/RFP 25-040 - pub - Market Research Database Solution/1-RFP 25-040 Market Research Database Solution.pdf,D:\Artificial intelligence\SDA\rfp_project_final\RFP_Project\data\raw\Tenders - Raw and Annotated\Nov6Louise - Market Research Database Solution\raw file\RFP 25-040 - pub - Market Research Database Solution\1-RFP 25-040 Market Research Database Solution.pdf,409875,2026-06-10T03:01:00,pending,
35d23c6e2ba8,nov6louise___market_research_database_solution,Nov6Louise - Market Research Database Solution,2-RFP 25-040 Appendix A and Appendix A1.pdf,pdf,Tenders - Raw and Annotated/Nov6Louise - Market Research Database Solution/raw file/RFP 25-040 - pub - Market Research Database Solution/2-RFP 25-040 Appendix A and Appendix A1.pdf,D:\Artificial intelligence\SDA\rfp_project_final\RFP_Project\data\raw\Tenders - Raw and Annotated\Nov6Louise - Market Research Database Solution\raw file\RFP 25-040 - pub - Market Research Database Solution\2-RFP 25-040 Appendix A and Appendix A1.pdf,367406,2026-06-10T03:01:00,pending,
9a0830694b92,nov6louise___market_research_database_solution,Nov6Louise - Market Research Database Solution,3-RFP 25-040 Addendum No. 1.pdf,pdf,Tenders - Raw and Annotated/Nov6Louise - Market Research Database Solution/raw file/RFP 25-040 - pub - Market Research Database Solution/3-RFP 25-040 Addendum No. 1.pdf,D:\Artificial intelligence\SDA\rfp_project_final\RFP_Project\data\raw\Tenders - Raw and Annotated\Nov6Louise - Market Research Database Solution\raw file\RFP 25-040 - pub - Market Research Database Solution\3-RFP 25-040 Addendum No. 1.pdf,162266,2026-06-10T03:01:00,pending,
61d556baab87,nov6louise___microsoft_cloud_solution_provider,Nov6Louise - Microsoft Cloud Solution Provider,Addendum__1__Questions_and_Answers__October_21__2025.pdf,pdf,Tenders - Raw and Annotated/Nov6Louise - Microsoft Cloud Solution Provider/raw file/Addendum__1__Questions_and_Answers__October_21__2025.pdf,D:\Artificial intelligence\SDA\rfp_project_final\RFP_Project\data\raw\Tenders - Raw and Annotated\Nov6Louise - Microsoft Cloud Solution Provider\raw file\Addendum__1__Questions_and_Answers__October_21__2025.pdf,98139,2026-06-10T03:00:58,pending,
f0f8ba7653ff,nov6louise___microsoft_cloud_solution_provider,Nov6Louise - Microsoft Cloud Solution Provider,RFP_220865_-_Microsoft_Cloud_Solution_Provider.pdf,pdf,Tenders - Raw and Annotated/Nov6Louise - Microsoft Cloud Solution Provider/raw file/RFP_220865_-_Microsoft_Cloud_Solution_Provider.pdf,D:\Artificial intelligence\SDA\rfp_project_final\RFP_Project\data\raw\Tenders - Raw and Annotated\Nov6Louise - Microsoft Cloud Solution Provider\raw file\RFP_220865_-_Microsoft_Cloud_Solution_Provider.pdf,2656322,2026-06-10T03:01:00,pending,
b359c64e9c28,nov6louise___microsoft_cloud_solution_provider,Nov6Louise - Microsoft Cloud Solution Provider,RFP_220865_-_Microsoft_Cloud_Solution_Provider_-_Appendix_B_Proposal_Response_Form.docx,docx,Tenders - Raw and Annotated/Nov6Louise - Microsoft Cloud Solution Provider/raw file/RFP_220865_-_Microsoft_Cloud_Solution_Provider_-_Appendix_B_Proposal_Response_Form.docx,D:\Artificial intelligence\SDA\rfp_project_final\RFP_Project\data\raw\Tenders - Raw and Annotated\Nov6Louise - Microsoft Cloud Solution Provider\raw file\RFP_220865_-_Microsoft_Cloud_Solution_Provider_-_Appendix_B_Proposal_Response_Form.docx,77083,2026-06-10T03:00:58,pending,
1075461d374b,nov7allen___2025_036_ts___placement_platform_solution_for_faculty_of_community_services,Nov7Allen - 2025-036-TS - Placement Platform Solution for Faculty of Community Services,Appendix G- Company Information.docx,docx,Tenders - Raw and Annotated/Nov7Allen - 2025-036-TS - Placement Platform Solution for Faculty of Community Services/2025-036-TS - Placement Platform Solution for Faculty of Community Services - raw/Appendix G- Company Information.docx,D:\Artificial intelligence\SDA\rfp_project_final\RFP_Project\data\raw\Tenders - Raw and Annotated\Nov7Allen - 2025-036-TS - Placement Platform Solution for Faculty of Community Services\2025-036-TS - Placement Platform Solution for Faculty of Community Services - raw\Appendix G- Company Information.docx,38052,2026-06-10T03:01:02,pending,
6cbd9c17c3d2,nov7allen___2025_036_ts___placement_platform_solution_for_faculty_of_community_services,Nov7Allen - 2025-036-TS - Placement Platform Solution for Faculty of Community Services,Appendix H- Comparable Project Summary List_FINALR1_06242025.docx,docx,Tenders - Raw and Annotated/Nov7Allen - 2025-036-TS - Placement Platform Solution for Faculty of Community Services/2025-036-TS - Placement Platform Solution for Faculty of Community Services - raw/Appendix H- Comparable Project Summary List_FINALR1_06242025.docx,D:\Artificial intelligence\SDA\rfp_project_final\RFP_Project\data\raw\Tenders - Raw and Annotated\Nov7Allen - 2025-036-TS - Placement Platform Solution for Faculty of Community Services\2025-036-TS - Placement Platform Solution for Faculty of Community Services - raw\Appendix H- Comparable Project Summary List_FINALR1_06242025.docx,29694,2026-06-10T03:01:02,pending,
cdcfbc9c621a,nov7allen___2025_036_ts___placement_platform_solution_for_faculty_of_community_services,Nov7Allen - 2025-036-TS - Placement Platform Solution for Faculty of Community Services,Appendix J- Functional and Non-Functional Requirements Final6C_07072025.docx,docx,Tenders - Raw and Annotated/Nov7Allen - 2025-036-TS - Placement Platform Solution for Faculty of Community Services/2025-036-TS - Placement Platform Solution for Faculty of Community Services - raw/Appendix J- Functional and Non-Functional Requirements Final6C_07072025.docx,D:\Artificial intelligence\SDA\rfp_project_final\RFP_Project\data\raw\Tenders - Raw and Annotated\Nov7Allen - 2025-036-TS - Placement Platform Solution for Faculty of Community Services\2025-036-TS - Placement Platform Solution for Faculty of Community Services - raw\Appendix J- Functional and Non-Functional Requirements Final6C_07072025.docx,64912,2026-06-10T03:01:02,pending,
91908c735b26,nov7allen___2025_036_ts___placement_platform_solution_for_faculty_of_community_services,Nov7Allen - 2025-036-TS - Placement Platform Solution for Faculty of Community Services,"APPENDIX L - RFP PRIVACY, IT SECURITY, AND ACCESSIBILITY REQUIREMENTS_FINAR1_06122025-2.docx",docx,"Tenders - Raw and Annotated/Nov7Allen - 2025-036-TS - Placement Platform Solution for Faculty of Community Services/2025-036-TS - Placement Platform Solution for Faculty of Community Services - raw/APPENDIX L - RFP PRIVACY, IT SECURITY, AND ACCESSIBILITY REQUIREMENTS_FINAR1_06122025-2.docx","D:\Artificial intelligence\SDA\rfp_project_final\RFP_Project\data\raw\Tenders - Raw and Annotated\Nov7Allen - 2025-036-TS - Placement Platform Solution for Faculty of Community Services\2025-036-TS - Placement Platform Solution for Faculty of Community Services - raw\APPENDIX L - RFP PRIVACY, IT SECURITY, AND ACCESSIBILITY REQUIREMENTS_FINAR1_06122025-2.docx",51519,2026-06-10T03:01:02,pending,
0e6dcb684858,nov7allen___2025_036_ts___placement_platform_solution_for_faculty_of_community_services,Nov7Allen - 2025-036-TS - Placement Platform Solution for Faculty of Community Services,RFP 2025-036-TS Placement Platform for Faculity of Community Services_FINALR6C_07072025(PDF).pdf,pdf,Tenders - Raw and Annotated/Nov7Allen - 2025-036-TS - Placement Platform Solution for Faculty of Community Services/2025-036-TS - Placement Platform Solution for Faculty of Community Services - raw/RFP 2025-036-TS Placement Platform for Faculity of Community Services_FINALR6C_07072025(PDF).pdf,D:\Artificial intelligence\SDA\rfp_project_final\RFP_Project\data\raw\Tenders - Raw and Annotated\Nov7Allen - 2025-036-TS - Placement Platform Solution for Faculty of Community Services\2025-036-TS - Placement Platform Solution for Faculty of Community Services - raw\RFP 2025-036-TS Placement Platform for Faculity of Community Services_FINALR6C_07072025(PDF).pdf,856894,2026-06-10T03:01:04,pending,
8fbe8c1729b3,nov7allen___2025_036_ts___placement_platform_solution_for_faculty_of_community_services,Nov7Allen - 2025-036-TS - Placement Platform Solution for Faculty of Community Services,RFP 2025-036-TS Question _ Answer No.1- FINAL_07212025(PDF).pdf,pdf,Tenders - Raw and Annotated/Nov7Allen - 2025-036-TS - Placement Platform Solution for Faculty of Community Services/2025-036-TS - Placement Platform Solution for Faculty of Community Services - raw/RFP 2025-036-TS Question _ Answer No.1- FINAL_07212025(PDF).pdf,D:\Artificial intelligence\SDA\rfp_project_final\RFP_Project\data\raw\Tenders - Raw and Annotated\Nov7Allen - 2025-036-TS - Placement Platform Solution for Faculty of Community Services\2025-036-TS - Placement Platform Solution for Faculty of Community Services - raw\RFP 2025-036-TS Question _ Answer No.1- FINAL_07212025(PDF).pdf,148380,2026-06-10T03:01:02,pending,
166bcefd47e5,nov7allen___2025_036_ts___placement_platform_solution_for_faculty_of_community_services,Nov7Allen - 2025-036-TS - Placement Platform Solution for Faculty of Community Services,RFP 2025-036-TS Question _ Answer No.2_07242025(PDF).pdf,pdf,Tenders - Raw and Annotated/Nov7Allen - 2025-036-TS - Placement Platform Solution for Faculty of Community Services/2025-036-TS - Placement Platform Solution for Faculty of Community Services - raw/RFP 2025-036-TS Question _ Answer No.2_07242025(PDF).pdf,D:\Artificial intelligence\SDA\rfp_project_final\RFP_Project\data\raw\Tenders - Raw and Annotated\Nov7Allen - 2025-036-TS - Placement Platform Solution for Faculty of Community Services\2025-036-TS - Placement Platform Solution for Faculty of Community Services - raw\RFP 2025-036-TS Question _ Answer No.2_07242025(PDF).pdf,155547,2026-06-10T03:01:02,pending,
5cb2949e2406,nov7allen___ecorfp_portal___eco_canada___application_portal_development_&_integration,Nov7Allen - ECORFP_Portal - ECO Canada - Application Portal Development & Integration,ECO Canada Application Portal Development _ Integration for Ocean Designation(PDF).pdf,pdf,Tenders - Raw and Annotated/Nov7Allen - ECORFP_Portal - ECO Canada - Application Portal Development & Integration/ECORFP_Portal - ECO Canada - Application Portal Development & Integration - raw/ECO Canada Application Portal Development _ Integration for Ocean Designation(PDF).pdf,D:\Artificial intelligence\SDA\rfp_project_final\RFP_Project\data\raw\Tenders - Raw and Annotated\Nov7Allen - ECORFP_Portal - ECO Canada - Application Portal Development & Integration\ECORFP_Portal - ECO Canada - Application Portal Development & Integration - raw\ECO Canada Application Portal Development _ Integration for Ocean Designation(PDF).pdf,935062,2026-06-10T03:00:58,pending,
e998d35de1ce,nov7allen___ecorfp_portal___eco_canada___application_portal_development_&_integration,Nov7Allen - ECORFP_Portal - ECO Canada - Application Portal Development & Integration,ECO Portal Development - Vendor vs. Internal responsibilities(PDF).pdf,pdf,Tenders - Raw and Annotated/Nov7Allen - ECORFP_Portal - ECO Canada - Application Portal Development & Integration/ECORFP_Portal - ECO Canada - Application Portal Development & Integration - raw/ECO Portal Development - Vendor vs. Internal responsibilities(PDF).pdf,D:\Artificial intelligence\SDA\rfp_project_final\RFP_Project\data\raw\Tenders - Raw and Annotated\Nov7Allen - ECORFP_Portal - ECO Canada - Application Portal Development & Integration\ECORFP_Portal - ECO Canada - Application Portal Development & Integration - raw\ECO Portal Development - Vendor vs. Internal responsibilities(PDF).pdf,93418,2026-06-10T03:00:58,pending,
eaddd6f3c888,nov7allen___lrfes_rfp___website_construction,Nov7Allen - LRFES-RFP - Website Construction,LRFES Website RFP-0914186.pdf,pdf,Tenders - Raw and Annotated/Nov7Allen - LRFES-RFP - Website Construction/LRFES-RFP - Website Construction - raw/LRFES Website RFP-0914186.pdf,D:\Artificial intelligence\SDA\rfp_project_final\RFP_Project\data\raw\Tenders - Raw and Annotated\Nov7Allen - LRFES-RFP - Website Construction\LRFES-RFP - Website Construction - raw\LRFES Website RFP-0914186.pdf,531003,2026-06-10T03:00:56,pending,
c13c9065de77,nov7allen___request_for_proposal__website_redevelopment,Nov7Allen - Request for Proposal_ Website Redevelopment,Website Redevelopment Project Questions and Answers(DOCX).pdf,pdf,Tenders - Raw and Annotated/Nov7Allen - Request for Proposal_ Website Redevelopment/Request for Proposal_ Website Redevelopment - raw/Website Redevelopment Project Questions and Answers(DOCX).pdf,D:\Artificial intelligence\SDA\rfp_project_final\RFP_Project\data\raw\Tenders - Raw and Annotated\Nov7Allen - Request for Proposal_ Website Redevelopment\Request for Proposal_ Website Redevelopment - raw\Website Redevelopment Project Questions and Answers(DOCX).pdf,145690,2026-06-10T03:00:58,pending,
3e0c916572e2,nov7allen___request_for_proposal__website_redevelopment,Nov7Allen - Request for Proposal_ Website Redevelopment,Website RFP July 2025(PDF).pdf,pdf,Tenders - Raw and Annotated/Nov7Allen - Request for Proposal_ Website Redevelopment/Request for Proposal_ Website Redevelopment - raw/Website RFP July 2025(PDF).pdf,D:\Artificial intelligence\SDA\rfp_project_final\RFP_Project\data\raw\Tenders - Raw and Annotated\Nov7Allen - Request for Proposal_ Website Redevelopment\Request for Proposal_ Website Redevelopment - raw\Website RFP July 2025(PDF).pdf,92594,2026-06-10T03:00:58,pending,
7d9ed9f49e11,nov7allen___w8482_253211_a___halifax_class_spares___digital_data_and_processing,Nov7Allen - W8482-253211-A - Halifax-class spares - Digital Data and Processing,w8482-253211---amendment-001.pdf,pdf,Tenders - Raw and Annotated/Nov7Allen - W8482-253211-A - Halifax-class spares - Digital Data and Processing/W8482-253211-A - Halifax-class spares - Digital Data and Processing - raw/w8482-253211---amendment-001.pdf,D:\Artificial intelligence\SDA\rfp_project_final\RFP_Project\data\raw\Tenders - Raw and Annotated\Nov7Allen - W8482-253211-A - Halifax-class spares - Digital Data and Processing\W8482-253211-A - Halifax-class spares - Digital Data and Processing - raw\w8482-253211---amendment-001.pdf,289218,2026-06-10T03:00:56,pending,
e1aa3cf34de0,nov7allen___w8482_253211_a___halifax_class_spares___digital_data_and_processing,Nov7Allen - W8482-253211-A - Halifax-class spares - Digital Data and Processing,w8482-253211---rfp---en.pdf,pdf,Tenders - Raw and Annotated/Nov7Allen - W8482-253211-A - Halifax-class spares - Digital Data and Processing/W8482-253211-A - Halifax-class spares - Digital Data and Processing - raw/w8482-253211---rfp---en.pdf,D:\Artificial intelligence\SDA\rfp_project_final\RFP_Project\data\raw\Tenders - Raw and Annotated\Nov7Allen - W8482-253211-A - Halifax-class spares - Digital Data and Processing\W8482-253211-A - Halifax-class spares - Digital Data and Processing - raw\w8482-253211---rfp---en.pdf,2519262,2026-06-10T03:00:56,pending,
f5b2849e5024,nov7jawad_____website_and_data_portal_services,Nov7Jawad - - Website and Data Portal Services,AB-2025-03269-EXC25-275 RFP New EEIA Website Final.pdf,pdf,Tenders - Raw and Annotated/Nov7Jawad - - Website and Data Portal Services/AB-2025-03269-EXC25-275 RFP New EEIA Website Final.pdf,D:\Artificial intelligence\SDA\rfp_project_final\RFP_Project\data\raw\Tenders - Raw and Annotated\Nov7Jawad - - Website and Data Portal Services\AB-2025-03269-EXC25-275 RFP New EEIA Website Final.pdf,482532,2026-06-10T03:00:54,pending,
7662139b89fc,nov7jawad_____website_and_data_portal_services,Nov7Jawad - - Website and Data Portal Services,AB-2025-03269-EXC25-275 RFP Update 4.pdf,pdf,Tenders - Raw and Annotated/Nov7Jawad - - Website and Data Portal Services/AB-2025-03269-EXC25-275 RFP Update 4.pdf,D:\Artificial intelligence\SDA\rfp_project_final\RFP_Project\data\raw\Tenders - Raw and Annotated\Nov7Jawad - - Website and Data Portal Services\AB-2025-03269-EXC25-275 RFP Update 4.pdf,162800,2026-06-10T03:00:54,pending,
c99a0dce4f91,nov7jawad___advanced_analytics_and_value_creation_initiative,Nov7Jawad - Advanced Analytics and Value Creation Initiative,AB-2025-04864-RFP_APP_Supp_BA_2025-ASHC-011.pdf,pdf,Tenders - Raw and Annotated/Nov7Jawad - Advanced Analytics and Value Creation Initiative/AB-2025-04864-RFP_APP_Supp_BA_2025-ASHC-011.pdf,D:\Artificial intelligence\SDA\rfp_project_final\RFP_Project\data\raw\Tenders - Raw and Annotated\Nov7Jawad - Advanced Analytics and Value Creation Initiative\AB-2025-04864-RFP_APP_Supp_BA_2025-ASHC-011.pdf,768646,2026-06-10T03:00:56,pending,
7aec44fae913,nov7jawad___advanced_analytics_and_value_creation_initiative,Nov7Jawad - Advanced Analytics and Value Creation Initiative,AB-2025-04996-TI-ITP-28-2025 Advanced Analytics and Value Creation RFP.pdf,pdf,Tenders - Raw and Annotated/Nov7Jawad - Advanced Analytics and Value Creation Initiative/AB-2025-04996-TI-ITP-28-2025 Advanced Analytics and Value Creation RFP.pdf,D:\Artificial intelligence\SDA\rfp_project_final\RFP_Project\data\raw\Tenders - Raw and Annotated\Nov7Jawad - Advanced Analytics and Value Creation Initiative\AB-2025-04996-TI-ITP-28-2025 Advanced Analytics and Value Creation RFP.pdf,544664,2026-06-10T03:00:56,pending,
bcf14005a536,nov7jawad___agriprofit$___enhancing_data_collection_and_modelling_platform,Nov7Jawad - AgriProfit$ - Enhancing Data Collection and Modelling Platform,AB-2025-06911-Appendix A -General Services Long Form Contract_Template.docx,docx,Tenders - Raw and Annotated/Nov7Jawad - AgriProfit$ - Enhancing Data Collection and Modelling Platform/AB-2025-06911-Appendix A -General Services Long Form Contract_Template.docx,D:\Artificial intelligence\SDA\rfp_project_final\RFP_Project\data\raw\Tenders - Raw and Annotated\Nov7Jawad - AgriProfit$ - Enhancing Data Collection and Modelling Platform\AB-2025-06911-Appendix A -General Services Long Form Contract_Template.docx,89600,2026-06-10T03:00:54,pending,
e77009a1e741,nov7jawad___agriprofit$___enhancing_data_collection_and_modelling_platform,Nov7Jawad - AgriProfit$ - Enhancing Data Collection and Modelling Platform,AB-2025-06911-RFP 26AGR83 AgriProfit Platform - Final.pdf,pdf,Tenders - Raw and Annotated/Nov7Jawad - AgriProfit$ - Enhancing Data Collection and Modelling Platform/AB-2025-06911-RFP 26AGR83 AgriProfit Platform - Final.pdf,D:\Artificial intelligence\SDA\rfp_project_final\RFP_Project\data\raw\Tenders - Raw and Annotated\Nov7Jawad - AgriProfit$ - Enhancing Data Collection and Modelling Platform\AB-2025-06911-RFP 26AGR83 AgriProfit Platform - Final.pdf,470083,2026-06-10T03:00:54,pending,
f4d7e3fca6ad,"nov7jawad___artificial_intelligence_(ai)_readiness,_implementation,_and_support_services","Nov7Jawad - Artificial Intelligence (AI) Readiness, Implementation, and Support Services",AB-2024-08476-2024 09 19 RFP_110724_AI_Readiness_Canoe.pdf,pdf,"Tenders - Raw and Annotated/Nov7Jawad - Artificial Intelligence (AI) Readiness, Implementation, and Support Services/AB-2024-08476-2024 09 19 RFP_110724_AI_Readiness_Canoe.pdf","D:\Artificial intelligence\SDA\rfp_project_final\RFP_Project\data\raw\Tenders - Raw and Annotated\Nov7Jawad - Artificial Intelligence (AI) Readiness, Implementation, and Support Services\AB-2024-08476-2024 09 19 RFP_110724_AI_Readiness_Canoe.pdf",2459225,2026-06-10T03:00:58,pending,
97d531eb1067,nov7jawad___base_access_spatial_data_update,Nov7Jawad - Base Access Spatial Data Update,AB-2025-04156-RFP_Fl_St_Dev_Cons_2025-ASHC-010.pdf,pdf,Tenders - Raw and Annotated/Nov7Jawad - Base Access Spatial Data Update/AB-2025-04156-RFP_Fl_St_Dev_Cons_2025-ASHC-010.pdf,D:\Artificial intelligence\SDA\rfp_project_final\RFP_Project\data\raw\Tenders - Raw and Annotated\Nov7Jawad - Base Access Spatial Data Update\AB-2025-04156-RFP_Fl_St_Dev_Cons_2025-ASHC-010.pdf,786120,2026-06-10T03:00:54,pending,
57135bf33467,nov7jawad___base_access_spatial_data_update,Nov7Jawad - Base Access Spatial Data Update,AB-2025-04370-26TDRSIS806 RFP.pdf,pdf,Tenders - Raw and Annotated/Nov7Jawad - Base Access Spatial Data Update/AB-2025-04370-26TDRSIS806 RFP.pdf,D:\Artificial intelligence\SDA\rfp_project_final\RFP_Project\data\raw\Tenders - Raw and Annotated\Nov7Jawad - Base Access Spatial Data Update\AB-2025-04370-26TDRSIS806 RFP.pdf,578302,2026-06-10T03:00:54,pending,
02a451656536,nov7jawad___consultancy_artificial_intelligence_and_machine_learning,Nov7Jawad - Consultancy Artificial Intelligence and Machine Learning,AB-2024-07959-RFP 2024-0100 Consultancy Artificial Intelligence  Machine Learning.docx,docx,Tenders - Raw and Annotated/Nov7Jawad - Consultancy Artificial Intelligence and Machine Learning/AB-2024-07959-RFP 2024-0100 Consultancy Artificial Intelligence  Machine Learning.docx,D:\Artificial intelligence\SDA\rfp_project_final\RFP_Project\data\raw\Tenders - Raw and Annotated\Nov7Jawad - Consultancy Artificial Intelligence and Machine Learning\AB-2024-07959-RFP 2024-0100 Consultancy Artificial Intelligence  Machine Learning.docx,140463,2026-06-10T03:00:58,pending,
38aab9e9704f,nov7jawad___data_systems_and_services,Nov7Jawad - Data Systems and Services,MULRFQ_156482_-_DSS_-_Technical_Service_Resources.pdf,pdf,Tenders - Raw and Annotated/Nov7Jawad - Data Systems and Services/MULRFQ_156482_-_DSS_-_Technical_Service_Resources.pdf,D:\Artificial intelligence\SDA\rfp_project_final\RFP_Project\data\raw\Tenders - Raw and Annotated\Nov7Jawad - Data Systems and Services\MULRFQ_156482_-_DSS_-_Technical_Service_Resources.pdf,307556,2026-06-10T03:00:54,pending,
0edc9e3a4069,nov7jawad___distribution_portfolio_management_system_partners,Nov7Jawad - Distribution Portfolio Management System Partners,"AB-2025-05223-RFP 26.37 -  Distribution Portfolio Management System - Appendix 2 - Acknowledgements- July 15, 20.docx",docx,"Tenders - Raw and Annotated/Nov7Jawad - Distribution Portfolio Management System Partners/AB-2025-05223-RFP 26.37 -  Distribution Portfolio Management System - Appendix 2 - Acknowledgements- July 15, 20.docx","D:\Artificial intelligence\SDA\rfp_project_final\RFP_Project\data\raw\Tenders - Raw and Annotated\Nov7Jawad - Distribution Portfolio Management System Partners\AB-2025-05223-RFP 26.37 -  Distribution Portfolio Management System - Appendix 2 - Acknowledgements- July 15, 20.docx",1244345,2026-06-10T03:00:58,pending,
82d797b0188c,nov7jawad___distribution_portfolio_management_system_partners,Nov7Jawad - Distribution Portfolio Management System Partners,AB-2025-05223-RFP 26.37 -  Distribution Portfolio Management System - Appendix 3 - SAMPLE Master Service Agreemen.pdf,pdf,Tenders - Raw and Annotated/Nov7Jawad - Distribution Portfolio Management System Partners/AB-2025-05223-RFP 26.37 -  Distribution Portfolio Management System - Appendix 3 - SAMPLE Master Service Agreemen.pdf,D:\Artificial intelligence\SDA\rfp_project_final\RFP_Project\data\raw\Tenders - Raw and Annotated\Nov7Jawad - Distribution Portfolio Management System Partners\AB-2025-05223-RFP 26.37 -  Distribution Portfolio Management System - Appendix 3 - SAMPLE Master Service Agreemen.pdf,540905,2026-06-10T03:00:56,pending,
da978f9cef20,nov7jawad___distribution_portfolio_management_system_partners,Nov7Jawad - Distribution Portfolio Management System Partners,AB-2025-05223-RFP 26.37 -  Distribution Portfolio Management System- Appendix 4 - SAMPLE Non-Disclosure Agreement.pdf,pdf,Tenders - Raw and Annotated/Nov7Jawad - Distribution Portfolio Management System Partners/AB-2025-05223-RFP 26.37 -  Distribution Portfolio Management System- Appendix 4 - SAMPLE Non-Disclosure Agreement.pdf,D:\Artificial intelligence\SDA\rfp_project_final\RFP_Project\data\raw\Tenders - Raw and Annotated\Nov7Jawad - Distribution Portfolio Management System Partners\AB-2025-05223-RFP 26.37 -  Distribution Portfolio Management System- Appendix 4 - SAMPLE Non-Disclosure Agreement.pdf,147185,2026-06-10T03:00:56,pending,
1b614c5c5906,nov7jawad___distribution_portfolio_management_system_partners,Nov7Jawad - Distribution Portfolio Management System Partners,AB-2025-05223-RFP 26.37 - Distribution Portfolio Management System - Main Document.pdf,pdf,Tenders - Raw and Annotated/Nov7Jawad - Distribution Portfolio Management System Partners/AB-2025-05223-RFP 26.37 - Distribution Portfolio Management System - Main Document.pdf,D:\Artificial intelligence\SDA\rfp_project_final\RFP_Project\data\raw\Tenders - Raw and Annotated\Nov7Jawad - Distribution Portfolio Management System Partners\AB-2025-05223-RFP 26.37 - Distribution Portfolio Management System - Main Document.pdf,693081,2026-06-10T03:00:58,pending,
e3ca5b4f8f30,nov7jawad___full_stack_developer_consultant_services,Nov7Jawad - FULL STACK DEVELOPER CONSULTANT SERVICES,AB-2025-04156-RFP_Fl_St_Dev_Cons_2025-ASHC-010.pdf,pdf,Tenders - Raw and Annotated/Nov7Jawad - FULL STACK DEVELOPER CONSULTANT SERVICES/AB-2025-04156-RFP_Fl_St_Dev_Cons_2025-ASHC-010.pdf,D:\Artificial intelligence\SDA\rfp_project_final\RFP_Project\data\raw\Tenders - Raw and Annotated\Nov7Jawad - FULL STACK DEVELOPER CONSULTANT SERVICES\AB-2025-04156-RFP_Fl_St_Dev_Cons_2025-ASHC-010.pdf,786120,2026-06-10T03:00:54,pending,
8f0dbd114c66,nov7jawad___global_markets_platform,Nov7Jawad - Global Markets Platform,AB-2025-03668-Global Markets Analytics Platform-RFP.pdf,pdf,Tenders - Raw and Annotated/Nov7Jawad - Global Markets Platform/AB-2025-03668-Global Markets Analytics Platform-RFP.pdf,D:\Artificial intelligence\SDA\rfp_project_final\RFP_Project\data\raw\Tenders - Raw and Annotated\Nov7Jawad - Global Markets Platform\AB-2025-03668-Global Markets Analytics Platform-RFP.pdf,194860,2026-06-10T03:00:54,pending,
205eff6ac7ce,nov7jawad___global_markets_platform,Nov7Jawad - Global Markets Platform,AB-2025-06934-Attachment 1 - RFP PLSB-2025-002.pdf,pdf,Tenders - Raw and Annotated/Nov7Jawad - Global Markets Platform/AB-2025-06934-Attachment 1 - RFP PLSB-2025-002.pdf,D:\Artificial intelligence\SDA\rfp_project_final\RFP_Project\data\raw\Tenders - Raw and Annotated\Nov7Jawad - Global Markets Platform\AB-2025-06934-Attachment 1 - RFP PLSB-2025-002.pdf,98560,2026-06-10T03:00:54,pending,
e07f06910582,nov7jawad___information_technology_services,Nov7Jawad - Information Technology Services,AB-2025-04467-RFP 26.08 - Appendix 2 -  Acknowledgements.docx,docx,Tenders - Raw and Annotated/Nov7Jawad - Information Technology Services/AB-2025-04467-RFP 26.08 - Appendix 2 -  Acknowledgements.docx,D:\Artificial intelligence\SDA\rfp_project_final\RFP_Project\data\raw\Tenders - Raw and Annotated\Nov7Jawad - Information Technology Services\AB-2025-04467-RFP 26.08 - Appendix 2 -  Acknowledgements.docx,1243481,2026-06-10T03:01:00,pending,
dcc879560602,nov7jawad___information_technology_services,Nov7Jawad - Information Technology Services,AB-2025-04467-RFP 26.08 - Appendix 4 SAMPLE NON-DISCLOSURE AGREEMENT  (Shortlisted Proponents Phase).pdf,pdf,Tenders - Raw and Annotated/Nov7Jawad - Information Technology Services/AB-2025-04467-RFP 26.08 - Appendix 4 SAMPLE NON-DISCLOSURE AGREEMENT  (Shortlisted Proponents Phase).pdf,D:\Artificial intelligence\SDA\rfp_project_final\RFP_Project\data\raw\Tenders - Raw and Annotated\Nov7Jawad - Information Technology Services\AB-2025-04467-RFP 26.08 - Appendix 4 SAMPLE NON-DISCLOSURE AGREEMENT  (Shortlisted Proponents Phase).pdf,147185,2026-06-10T03:00:58,pending,
5b1b1e0bab68,nov7jawad___information_technology_services,Nov7Jawad - Information Technology Services,"AB-2025-04467-RFP 26.08 - Main Document - Managed File Transfer - June 25, 2025.docx.pdf",pdf,"Tenders - Raw and Annotated/Nov7Jawad - Information Technology Services/AB-2025-04467-RFP 26.08 - Main Document - Managed File Transfer - June 25, 2025.docx.pdf","D:\Artificial intelligence\SDA\rfp_project_final\RFP_Project\data\raw\Tenders - Raw and Annotated\Nov7Jawad - Information Technology Services\AB-2025-04467-RFP 26.08 - Main Document - Managed File Transfer - June 25, 2025.docx.pdf",564287,2026-06-10T03:00:58,pending,
dce69b0a002c,nov7jawad___information_technology_services,Nov7Jawad - Information Technology Services,AB-2025-04782-2025 Municipality of Crowsnest Pass - IT Services - Request For Proposal - RFP-FIN-2025-002.pdf,pdf,Tenders - Raw and Annotated/Nov7Jawad - Information Technology Services/AB-2025-04782-2025 Municipality of Crowsnest Pass - IT Services - Request For Proposal - RFP-FIN-2025-002.pdf,D:\Artificial intelligence\SDA\rfp_project_final\RFP_Project\data\raw\Tenders - Raw and Annotated\Nov7Jawad - Information Technology Services\AB-2025-04782-2025 Municipality of Crowsnest Pass - IT Services - Request For Proposal - RFP-FIN-2025-002.pdf,280780,2026-06-10T03:00:58,pending,
813a0db0c0eb,nov7jawad___library_data_collection_platform,Nov7Jawad - Library Data Collection Platform,AB-2025-06934-RFP PLSB-2025-002.pdf,pdf,Tenders - Raw and Annotated/Nov7Jawad - Library Data Collection Platform/AB-2025-06934-RFP PLSB-2025-002.pdf,D:\Artificial intelligence\SDA\rfp_project_final\RFP_Project\data\raw\Tenders - Raw and Annotated\Nov7Jawad - Library Data Collection Platform\AB-2025-06934-RFP PLSB-2025-002.pdf,615634,2026-06-10T03:01:00,pending,
314985fec02e,nov7jawad___managed_file_transfer_partner,Nov7Jawad - Managed File Transfer Partner,AB-2025-04467-RFP 26.08 - Appendix 3 - SAMPLE Master Services Agreement Template.pdf,pdf,Tenders - Raw and Annotated/Nov7Jawad - Managed File Transfer Partner/AB-2025-04467-RFP 26.08 - Appendix 3 - SAMPLE Master Services Agreement Template.pdf,D:\Artificial intelligence\SDA\rfp_project_final\RFP_Project\data\raw\Tenders - Raw and Annotated\Nov7Jawad - Managed File Transfer Partner\AB-2025-04467-RFP 26.08 - Appendix 3 - SAMPLE Master Services Agreement Template.pdf,540905,2026-06-10T03:00:54,pending,
160d4b62db8d,nov7jawad___power_apps_business_supports,Nov7Jawad - Power Apps Business Supports,"AB-2025-05738-RFP 26. 47 - Specialized Resources for Data and AI - August 29, 2025.docx.pdf",pdf,"Tenders - Raw and Annotated/Nov7Jawad - Power Apps Business Supports/AB-2025-05738-RFP 26. 47 - Specialized Resources for Data and AI - August 29, 2025.docx.pdf","D:\Artificial intelligence\SDA\rfp_project_final\RFP_Project\data\raw\Tenders - Raw and Annotated\Nov7Jawad - Power Apps Business Supports\AB-2025-05738-RFP 26. 47 - Specialized Resources for Data and AI - August 29, 2025.docx.pdf",487643,2026-06-10T03:00:56,pending,
55083d40c532,nov7jawad___power_apps_business_supports,Nov7Jawad - Power Apps Business Supports,AB-2025-05738-RFP 26.47 - RFP Appendix 2 - Acknowledgements.docx,docx,Tenders - Raw and Annotated/Nov7Jawad - Power Apps Business Supports/AB-2025-05738-RFP 26.47 - RFP Appendix 2 - Acknowledgements.docx,D:\Artificial intelligence\SDA\rfp_project_final\RFP_Project\data\raw\Tenders - Raw and Annotated\Nov7Jawad - Power Apps Business Supports\AB-2025-05738-RFP 26.47 - RFP Appendix 2 - Acknowledgements.docx,1244349,2026-06-10T03:00:56,pending,
886cce6b87ad,nov7jawad___power_apps_business_supports,Nov7Jawad - Power Apps Business Supports,AB-2025-05738-RFP 26.47 RFP Appendix 3 - SAMPLE Master Services Agreement .pdf,pdf,Tenders - Raw and Annotated/Nov7Jawad - Power Apps Business Supports/AB-2025-05738-RFP 26.47 RFP Appendix 3 - SAMPLE Master Services Agreement .pdf,D:\Artificial intelligence\SDA\rfp_project_final\RFP_Project\data\raw\Tenders - Raw and Annotated\Nov7Jawad - Power Apps Business Supports\AB-2025-05738-RFP 26.47 RFP Appendix 3 - SAMPLE Master Services Agreement .pdf,540905,2026-06-10T03:00:56,pending,
e2e50c7db0e8,nov7jawad___power_apps_business_supports,Nov7Jawad - Power Apps Business Supports,AB-2025-06995-20251107 Proposal Submission Package.docx,docx,Tenders - Raw and Annotated/Nov7Jawad - Power Apps Business Supports/AB-2025-06995-20251107 Proposal Submission Package.docx,D:\Artificial intelligence\SDA\rfp_project_final\RFP_Project\data\raw\Tenders - Raw and Annotated\Nov7Jawad - Power Apps Business Supports\AB-2025-06995-20251107 Proposal Submission Package.docx,90449,2026-06-10T03:00:54,pending,
89177000c8d2,nov7jawad___power_apps_business_supports,Nov7Jawad - Power Apps Business Supports,AB-2025-06995-20251107 RFP Power Apps Business Supports.pdf,pdf,Tenders - Raw and Annotated/Nov7Jawad - Power Apps Business Supports/AB-2025-06995-20251107 RFP Power Apps Business Supports.pdf,D:\Artificial intelligence\SDA\rfp_project_final\RFP_Project\data\raw\Tenders - Raw and Annotated\Nov7Jawad - Power Apps Business Supports\AB-2025-06995-20251107 RFP Power Apps Business Supports.pdf,446461,2026-06-10T03:00:54,pending,
56073885abbf,nov7jawad___request_for_proposal_mobile_wireless_and_data_service,Nov7Jawad - Request for Proposal Mobile Wireless and Data Service,AB-2024-08638-RFP Cell Phone 2024.pdf,pdf,Tenders - Raw and Annotated/Nov7Jawad - Request for Proposal Mobile Wireless and Data Service/AB-2024-08638-RFP Cell Phone 2024.pdf,D:\Artificial intelligence\SDA\rfp_project_final\RFP_Project\data\raw\Tenders - Raw and Annotated\Nov7Jawad - Request for Proposal Mobile Wireless and Data Service\AB-2024-08638-RFP Cell Phone 2024.pdf,403543,2026-06-10T03:00:54,pending,
3f86f7c40334,"nov7jawad___rfp_#24.0075_website_support,_maintenance,_and_development","Nov7Jawad - RFP #24.0075 Website Support, Maintenance, and Development",AB-2024-08484-Submission Instructions - 24.0075.pdf,pdf,"Tenders - Raw and Annotated/Nov7Jawad - RFP #24.0075 Website Support, Maintenance, and Development/AB-2024-08484-Submission Instructions - 24.0075.pdf","D:\Artificial intelligence\SDA\rfp_project_final\RFP_Project\data\raw\Tenders - Raw and Annotated\Nov7Jawad - RFP #24.0075 Website Support, Maintenance, and Development\AB-2024-08484-Submission Instructions - 24.0075.pdf",28191,2026-06-10T03:00:58,pending,
62e2a744cc24,nov7jawad___rfp_2446mm_data_modeling_software_solution,Nov7Jawad - RFP 2446MM Data Modeling Software Solution,AB-2025-02409-2446MM APC Cover Letter.pdf,pdf,Tenders - Raw and Annotated/Nov7Jawad - RFP 2446MM Data Modeling Software Solution/AB-2025-02409-2446MM APC Cover Letter.pdf,D:\Artificial intelligence\SDA\rfp_project_final\RFP_Project\data\raw\Tenders - Raw and Annotated\Nov7Jawad - RFP 2446MM Data Modeling Software Solution\AB-2025-02409-2446MM APC Cover Letter.pdf,131010,2026-06-10T03:00:54,pending,
8f33f32e7c07,nov7jawad___senior_power_bi_&_data_solutions_analyst_consultant_services,Nov7Jawad - SENIOR POWER BI & DATA SOLUTIONS ANALYST CONSULTANT SERVICES,AB-2025-03815-RFP_Sr_PBI_DS_Analyst_2025-ASHC-007.pdf,pdf,Tenders - Raw and Annotated/Nov7Jawad - SENIOR POWER BI & DATA SOLUTIONS ANALYST CONSULTANT SERVICES/AB-2025-03815-RFP_Sr_PBI_DS_Analyst_2025-ASHC-007.pdf,D:\Artificial intelligence\SDA\rfp_project_final\RFP_Project\data\raw\Tenders - Raw and Annotated\Nov7Jawad - SENIOR POWER BI & DATA SOLUTIONS ANALYST CONSULTANT SERVICES\AB-2025-03815-RFP_Sr_PBI_DS_Analyst_2025-ASHC-007.pdf,775668,2026-06-10T03:00:56,pending,
3ee990f3c410,nov7jawad___strategic_partner_for_data_and_ai_staff_augmentation,Nov7Jawad - Strategic Partner for Data and AI Staff Augmentation,AB-2025-05738-RFP 26.47 RFP Appendix 4 - SAMPLE NON-DISCLOSURE AGREEMENT.pdf,pdf,Tenders - Raw and Annotated/Nov7Jawad - Strategic Partner for Data and AI Staff Augmentation/AB-2025-05738-RFP 26.47 RFP Appendix 4 - SAMPLE NON-DISCLOSURE AGREEMENT.pdf,D:\Artificial intelligence\SDA\rfp_project_final\RFP_Project\data\raw\Tenders - Raw and Annotated\Nov7Jawad - Strategic Partner for Data and AI Staff Augmentation\AB-2025-05738-RFP 26.47 RFP Appendix 4 - SAMPLE NON-DISCLOSURE AGREEMENT.pdf,147185,2026-06-10T03:00:54,pending,
d9bb389c69c0,nov7louise___data_architecture_and_modernization_advisor,Nov7Louise - Data Architecture and Modernization Advisor,Appendix_A_-_Sample_Form_of_Agreement.pdf,pdf,Tenders - Raw and Annotated/Nov7Louise - Data Architecture and Modernization Advisor/raw file/Appendix_A_-_Sample_Form_of_Agreement.pdf,D:\Artificial intelligence\SDA\rfp_project_final\RFP_Project\data\raw\Tenders - Raw and Annotated\Nov7Louise - Data Architecture and Modernization Advisor\raw file\Appendix_A_-_Sample_Form_of_Agreement.pdf,943537,2026-06-10T03:00:56,pending,
684e88c102bf,nov7louise___data_architecture_and_modernization_advisor,Nov7Louise - Data Architecture and Modernization Advisor,NRFP_25.122_-_Data_Architecture_and_Modernization_Advisor.pdf,pdf,Tenders - Raw and Annotated/Nov7Louise - Data Architecture and Modernization Advisor/raw file/NRFP_25.122_-_Data_Architecture_and_Modernization_Advisor.pdf,D:\Artificial intelligence\SDA\rfp_project_final\RFP_Project\data\raw\Tenders - Raw and Annotated\Nov7Louise - Data Architecture and Modernization Advisor\raw file\NRFP_25.122_-_Data_Architecture_and_Modernization_Advisor.pdf,736786,2026-06-10T03:00:56,pending,
8efcb8dc8ee6,nov7louise___data_architecture_and_modernization_advisor,Nov7Louise - Data Architecture and Modernization Advisor,RFP_25.122_Addendum_No.1.pdf,pdf,Tenders - Raw and Annotated/Nov7Louise - Data Architecture and Modernization Advisor/raw file/RFP_25.122_Addendum_No.1.pdf,D:\Artificial intelligence\SDA\rfp_project_final\RFP_Project\data\raw\Tenders - Raw and Annotated\Nov7Louise - Data Architecture and Modernization Advisor\raw file\RFP_25.122_Addendum_No.1.pdf,190596,2026-06-10T03:00:58,pending,
2d7ddd510e81,nov7louise___enterprise_analytics_&_bi_platform_mvp,Nov7Louise - Enterprise Analytics & BI Platform MVP,RFP_24-009_Enterprise_Analytics___BI_Platform_MVP.pdf,pdf,Tenders - Raw and Annotated/Nov7Louise - Enterprise Analytics & BI Platform MVP/raw file/RFP_24-009_Enterprise_Analytics___BI_Platform_MVP.pdf,D:\Artificial intelligence\SDA\rfp_project_final\RFP_Project\data\raw\Tenders - Raw and Annotated\Nov7Louise - Enterprise Analytics & BI Platform MVP\raw file\RFP_24-009_Enterprise_Analytics___BI_Platform_MVP.pdf,510617,2026-06-10T03:00:58,pending,
be170b97a558,nov7louise___program_data_and_systems_consultant___crime_victim_assistance_program,Nov7Louise - Program Data and Systems Consultant - Crime Victim Assistance Program,Notice_of_Intent_22OCT2025.pdf,pdf,Tenders - Raw and Annotated/Nov7Louise - Program Data and Systems Consultant - Crime Victim Assistance Program/raw file/Notice_of_Intent_22OCT2025.pdf,D:\Artificial intelligence\SDA\rfp_project_final\RFP_Project\data\raw\Tenders - Raw and Annotated\Nov7Louise - Program Data and Systems Consultant - Crime Victim Assistance Program\raw file\Notice_of_Intent_22OCT2025.pdf,162345,2026-06-10T03:01:02,pending,
d9b9d162b5f3,nov7louise___rental_market_data,Nov7Louise - Rental Market Data,noi_Rentsync_Data_FINAL.pdf,pdf,Tenders - Raw and Annotated/Nov7Louise - Rental Market Data/raw file/noi_Rentsync_Data_FINAL.pdf,D:\Artificial intelligence\SDA\rfp_project_final\RFP_Project\data\raw\Tenders - Raw and Annotated\Nov7Louise - Rental Market Data\raw file\noi_Rentsync_Data_FINAL.pdf,171963,2026-06-10T03:00:56,pending,
f91f8a7e85c8,nov7louise___road_condition_data_collection_and_assessment,Nov7Louise - Road Condition Data Collection and Assessment,Addendum__1.pdf,pdf,Tenders - Raw and Annotated/Nov7Louise - Road Condition Data Collection and Assessment/raw file/Addendum__1.pdf,D:\Artificial intelligence\SDA\rfp_project_final\RFP_Project\data\raw\Tenders - Raw and Annotated\Nov7Louise - Road Condition Data Collection and Assessment\raw file\Addendum__1.pdf,187323,2026-06-10T03:00:58,pending,
7c09382757af,nov7louise___road_condition_data_collection_and_assessment,Nov7Louise - Road Condition Data Collection and Assessment,BIM-RFP-2025-003_Road_Condition_Data_Collection_and_Assessment.pdf,pdf,Tenders - Raw and Annotated/Nov7Louise - Road Condition Data Collection and Assessment/raw file/BIM-RFP-2025-003_Road_Condition_Data_Collection_and_Assessment.pdf,D:\Artificial intelligence\SDA\rfp_project_final\RFP_Project\data\raw\Tenders - Raw and Annotated\Nov7Louise - Road Condition Data Collection and Assessment\raw file\BIM-RFP-2025-003_Road_Condition_Data_Collection_and_Assessment.pdf,377746,2026-06-10T03:00:58,pending,
4e02a6575932,nov7louise___road_condition_data_collection_and_assessment,Nov7Louise - Road Condition Data Collection and Assessment,Bowen_Road_Inventory_Map_final.pdf,pdf,Tenders - Raw and Annotated/Nov7Louise - Road Condition Data Collection and Assessment/raw file/Bowen_Road_Inventory_Map_final.pdf,D:\Artificial intelligence\SDA\rfp_project_final\RFP_Project\data\raw\Tenders - Raw and Annotated\Nov7Louise - Road Condition Data Collection and Assessment\raw file\Bowen_Road_Inventory_Map_final.pdf,441569,2026-06-10T03:00:58,pending,
99ca313416b0,nrfp_5549___learning_design_and_authoring_tool,NRFP 5549 - Learning Design and Authoring Tool,ICBC NRFP 5549 Form 1 - Proponent Corp Info.docx,docx,Tenders - Raw and Annotated/NRFP 5549 - Learning Design and Authoring Tool/Learning Design and Authoring Tool Raw/ICBC NRFP 5549 Form 1 - Proponent Corp Info.docx,D:\Artificial intelligence\SDA\rfp_project_final\RFP_Project\data\raw\Tenders - Raw and Annotated\NRFP 5549 - Learning Design and Authoring Tool\Learning Design and Authoring Tool Raw\ICBC NRFP 5549 Form 1 - Proponent Corp Info.docx,49183,2026-06-10T03:00:58,pending,
2def51172ecd,nrfp_5549___learning_design_and_authoring_tool,NRFP 5549 - Learning Design and Authoring Tool,ICBC NRFP 5549 Form 2 - Account Team Member Info.docx,docx,Tenders - Raw and Annotated/NRFP 5549 - Learning Design and Authoring Tool/Learning Design and Authoring Tool Raw/ICBC NRFP 5549 Form 2 - Account Team Member Info.docx,D:\Artificial intelligence\SDA\rfp_project_final\RFP_Project\data\raw\Tenders - Raw and Annotated\NRFP 5549 - Learning Design and Authoring Tool\Learning Design and Authoring Tool Raw\ICBC NRFP 5549 Form 2 - Account Team Member Info.docx,29627,2026-06-10T03:00:58,pending,
005da756907d,nrfp_5549___learning_design_and_authoring_tool,NRFP 5549 - Learning Design and Authoring Tool,ICBC NRFP 5549 Form 4 - Privacy Assessment.docx,docx,Tenders - Raw and Annotated/NRFP 5549 - Learning Design and Authoring Tool/Learning Design and Authoring Tool Raw/ICBC NRFP 5549 Form 4 - Privacy Assessment.docx,D:\Artificial intelligence\SDA\rfp_project_final\RFP_Project\data\raw\Tenders - Raw and Annotated\NRFP 5549 - Learning Design and Authoring Tool\Learning Design and Authoring Tool Raw\ICBC NRFP 5549 Form 4 - Privacy Assessment.docx,30940,2026-06-10T03:00:58,pending,
5f600c423db0,nrfp_5549___learning_design_and_authoring_tool,NRFP 5549 - Learning Design and Authoring Tool,ICBC NRFP 5549 Form 5 - Prof Services Team Member Info.docx,docx,Tenders - Raw and Annotated/NRFP 5549 - Learning Design and Authoring Tool/Learning Design and Authoring Tool Raw/ICBC NRFP 5549 Form 5 - Prof Services Team Member Info.docx,D:\Artificial intelligence\SDA\rfp_project_final\RFP_Project\data\raw\Tenders - Raw and Annotated\NRFP 5549 - Learning Design and Authoring Tool\Learning Design and Authoring Tool Raw\ICBC NRFP 5549 Form 5 - Prof Services Team Member Info.docx,30268,2026-06-10T03:00:58,pending,
511c78fec342,nrfp_5549___learning_design_and_authoring_tool,NRFP 5549 - Learning Design and Authoring Tool,ICBC NRFP 5549 Learning Design and Authoring Tool Main Document.pdf,pdf,Tenders - Raw and Annotated/NRFP 5549 - Learning Design and Authoring Tool/Learning Design and Authoring Tool Raw/ICBC NRFP 5549 Learning Design and Authoring Tool Main Document.pdf,D:\Artificial intelligence\SDA\rfp_project_final\RFP_Project\data\raw\Tenders - Raw and Annotated\NRFP 5549 - Learning Design and Authoring Tool\Learning Design and Authoring Tool Raw\ICBC NRFP 5549 Learning Design and Authoring Tool Main Document.pdf,391634,2026-06-10T03:01:00,pending,
03447d403894,nrfp_5549___learning_design_and_authoring_tool,NRFP 5549 - Learning Design and Authoring Tool,NRFP 5549 Addendum 01 Extension of Deadline for Enquiries.pdf,pdf,Tenders - Raw and Annotated/NRFP 5549 - Learning Design and Authoring Tool/Learning Design and Authoring Tool Raw/NRFP 5549 Addendum 01 Extension of Deadline for Enquiries.pdf,D:\Artificial intelligence\SDA\rfp_project_final\RFP_Project\data\raw\Tenders - Raw and Annotated\NRFP 5549 - Learning Design and Authoring Tool\Learning Design and Authoring Tool Raw\NRFP 5549 Addendum 01 Extension of Deadline for Enquiries.pdf,100708,2026-06-10T03:00:58,pending,
b9b8aa68a0cb,red_deer_polytechnic___request_for_proposal___test_bank_software_solution,Red Deer Polytechnic - Request for Proposal - Test Bank Software Solution,250616 Testbank Software Solution(PDF).docx,docx,Tenders - Raw and Annotated/Red Deer Polytechnic - Request for Proposal - Test Bank Software Solution/Red Deer Polytechnic - Test Bank Software Solution - Raw/250616 Testbank Software Solution(PDF).docx,D:\Artificial intelligence\SDA\rfp_project_final\RFP_Project\data\raw\Tenders - Raw and Annotated\Red Deer Polytechnic - Request for Proposal - Test Bank Software Solution\Red Deer Polytechnic - Test Bank Software Solution - Raw\250616 Testbank Software Solution(PDF).docx,56584,2026-06-10T05:56:38,pending,
6212e3cd339f,red_deer_polytechnic___request_for_proposal___test_bank_software_solution,Red Deer Polytechnic - Request for Proposal - Test Bank Software Solution,250616 Testbank Software Solution(PDF).pdf,pdf,Tenders - Raw and Annotated/Red Deer Polytechnic - Request for Proposal - Test Bank Software Solution/Red Deer Polytechnic - Test Bank Software Solution - Raw/250616 Testbank Software Solution(PDF).pdf,D:\Artificial intelligence\SDA\rfp_project_final\RFP_Project\data\raw\Tenders - Raw and Annotated\Red Deer Polytechnic - Request for Proposal - Test Bank Software Solution\Red Deer Polytechnic - Test Bank Software Solution - Raw\250616 Testbank Software Solution(PDF).pdf,440383,2026-06-10T03:01:02,pending,
234e8331cff6,red_deer_polytechnic___request_for_proposal___test_bank_software_solution,Red Deer Polytechnic - Request for Proposal - Test Bank Software Solution,Submission Form RFP(PDF).pdf,pdf,Tenders - Raw and Annotated/Red Deer Polytechnic - Request for Proposal - Test Bank Software Solution/Red Deer Polytechnic - Test Bank Software Solution - Raw/Submission Form RFP(PDF).pdf,D:\Artificial intelligence\SDA\rfp_project_final\RFP_Project\data\raw\Tenders - Raw and Annotated\Red Deer Polytechnic - Request for Proposal - Test Bank Software Solution\Red Deer Polytechnic - Test Bank Software Solution - Raw\Submission Form RFP(PDF).pdf,197583,2026-06-10T03:01:02,pending,
00452cd0e9ea,"rfi_212170__linking_education,_skills_and_career_opportunities","RFI 212170_ Linking Education, Skills and Career Opportunities","[RFI_Education, Skills and Career Opportunities_Appendix_A] RFI_E.docx",docx,"Tenders - Raw and Annotated/RFI 212170_ Linking Education, Skills and Career Opportunities/RFI 212170_ Linking Education, Skills and Career Opportunities - Raw/[RFI_Education, Skills and Career Opportunities_Appendix_A] RFI_E.docx","D:\Artificial intelligence\SDA\rfp_project_final\RFP_Project\data\raw\Tenders - Raw and Annotated\RFI 212170_ Linking Education, Skills and Career Opportunities\RFI 212170_ Linking Education, Skills and Career Opportunities - Raw\[RFI_Education, Skills and Career Opportunities_Appendix_A] RFI_E.docx",38936,2026-06-10T03:01:02,pending,
819178053e22,"rfi_212170__linking_education,_skills_and_career_opportunities","RFI 212170_ Linking Education, Skills and Career Opportunities","[RFI_Education, Skills and Career Oppotunities] RFI_Education, Sk.docx",docx,"Tenders - Raw and Annotated/RFI 212170_ Linking Education, Skills and Career Opportunities/RFI 212170_ Linking Education, Skills and Career Opportunities - Raw/[RFI_Education, Skills and Career Oppotunities] RFI_Education, Sk.docx","D:\Artificial intelligence\SDA\rfp_project_final\RFP_Project\data\raw\Tenders - Raw and Annotated\RFI 212170_ Linking Education, Skills and Career Opportunities\RFI 212170_ Linking Education, Skills and Career Opportunities - Raw\[RFI_Education, Skills and Career Oppotunities] RFI_Education, Sk.docx",65764,2026-06-10T03:01:00,pending,
d596ff2699a6,rfso_2025_001me___rfso_2025_005me___its_professional_services_–_data_and_analytics,RFSO 2025-001ME - RFSO 2025-005ME - ITS Professional Services – Data and Analytics,RFSO 2025-001ME ITS Professional Services - Data and Analytics.pdf,pdf,Tenders - Raw and Annotated/RFSO 2025-001ME - RFSO 2025-005ME - ITS Professional Services – Data and Analytics/RFSO 2025-001ME - RFSO 2025-001ME - ITS Professional Services – Data and Analytics - Raw/RFSO 2025-001ME ITS Professional Services - Data and Analytics.pdf,D:\Artificial intelligence\SDA\rfp_project_final\RFP_Project\data\raw\Tenders - Raw and Annotated\RFSO 2025-001ME - RFSO 2025-005ME - ITS Professional Services – Data and Analytics\RFSO 2025-001ME - RFSO 2025-001ME - ITS Professional Services – Data and Analytics - Raw\RFSO 2025-001ME ITS Professional Services - Data and Analytics.pdf,328552,2026-06-10T03:01:02,pending,
f22aae95d5da,rfso_2025_001me___rfso_2025_005me___its_professional_services_–_data_and_analytics,RFSO 2025-001ME - RFSO 2025-005ME - ITS Professional Services – Data and Analytics,RRCP Supplier Code of Conduct FINAL.docx.docx,docx,Tenders - Raw and Annotated/RFSO 2025-001ME - RFSO 2025-005ME - ITS Professional Services – Data and Analytics/RFSO 2025-001ME - RFSO 2025-001ME - ITS Professional Services – Data and Analytics - Raw/RRCP Supplier Code of Conduct FINAL.docx.docx,D:\Artificial intelligence\SDA\rfp_project_final\RFP_Project\data\raw\Tenders - Raw and Annotated\RFSO 2025-001ME - RFSO 2025-005ME - ITS Professional Services – Data and Analytics\RFSO 2025-001ME - RFSO 2025-001ME - ITS Professional Services – Data and Analytics - Raw\RRCP Supplier Code of Conduct FINAL.docx.docx,58186,2026-06-10T03:01:02,pending,
4325e8574400,rfso_2025_001me___rfso_2025_005me___its_professional_services_–_data_and_analytics,RFSO 2025-001ME - RFSO 2025-005ME - ITS Professional Services – Data and Analytics,SCHEDULE B – VENDOR AUTHORIZATION.docx,docx,Tenders - Raw and Annotated/RFSO 2025-001ME - RFSO 2025-005ME - ITS Professional Services – Data and Analytics/RFSO 2025-001ME - RFSO 2025-001ME - ITS Professional Services – Data and Analytics - Raw/SCHEDULE B – VENDOR AUTHORIZATION.docx,D:\Artificial intelligence\SDA\rfp_project_final\RFP_Project\data\raw\Tenders - Raw and Annotated\RFSO 2025-001ME - RFSO 2025-005ME - ITS Professional Services – Data and Analytics\RFSO 2025-001ME - RFSO 2025-001ME - ITS Professional Services – Data and Analytics - Raw\SCHEDULE B – VENDOR AUTHORIZATION.docx,14545,2026-06-10T03:01:02,pending,
53d52e42ec7a,standards_council_of_canada___advancing_ai_through_standardization_strategies_and_tools,Standards Council of Canada - Advancing AI through Standardization Strategies and Tools,RFP21426003-CSV-Download-Integration-Services-for-Data-Centre_2025-08-26-163851_caqf.pdf,pdf,Tenders - Raw and Annotated/Standards Council of Canada - Advancing AI through Standardization Strategies and Tools/Advancing AI through Standardization Strategies and Tools Raw/RFP21426003-CSV-Download-Integration-Services-for-Data-Centre_2025-08-26-163851_caqf.pdf,D:\Artificial intelligence\SDA\rfp_project_final\RFP_Project\data\raw\Tenders - Raw and Annotated\Standards Council of Canada - Advancing AI through Standardization Strategies and Tools\Advancing AI through Standardization Strategies and Tools Raw\RFP21426003-CSV-Download-Integration-Services-for-Data-Centre_2025-08-26-163851_caqf.pdf,315102,2026-06-10T03:00:54,pending,
e872c0519750,standards_council_of_canada___advancing_ai_through_standardization_strategies_and_tools,Standards Council of Canada - Advancing AI through Standardization Strategies and Tools,SCC_CFP_2025-07-ATT1-Acceptance-Form_v.1_2025-09-05_EN.pdf,pdf,Tenders - Raw and Annotated/Standards Council of Canada - Advancing AI through Standardization Strategies and Tools/Advancing AI through Standardization Strategies and Tools Raw/SCC_CFP_2025-07-ATT1-Acceptance-Form_v.1_2025-09-05_EN.pdf,D:\Artificial intelligence\SDA\rfp_project_final\RFP_Project\data\raw\Tenders - Raw and Annotated\Standards Council of Canada - Advancing AI through Standardization Strategies and Tools\Advancing AI through Standardization Strategies and Tools Raw\SCC_CFP_2025-07-ATT1-Acceptance-Form_v.1_2025-09-05_EN.pdf,97551,2026-06-10T03:00:54,pending,
7c6095d11d5c,standards_council_of_canada___advancing_ai_through_standardization_strategies_and_tools,Standards Council of Canada - Advancing AI through Standardization Strategies and Tools,SCC_CFP_2025-07-ATT2-Financial-Template_v.1_2025-09-05_EN.pdf,pdf,Tenders - Raw and Annotated/Standards Council of Canada - Advancing AI through Standardization Strategies and Tools/Advancing AI through Standardization Strategies and Tools Raw/SCC_CFP_2025-07-ATT2-Financial-Template_v.1_2025-09-05_EN.pdf,D:\Artificial intelligence\SDA\rfp_project_final\RFP_Project\data\raw\Tenders - Raw and Annotated\Standards Council of Canada - Advancing AI through Standardization Strategies and Tools\Advancing AI through Standardization Strategies and Tools Raw\SCC_CFP_2025-07-ATT2-Financial-Template_v.1_2025-09-05_EN.pdf,203758,2026-06-10T03:00:56,pending,
657d0d2d7efa,standards_council_of_canada___advancing_ai_through_standardization_strategies_and_tools,Standards Council of Canada - Advancing AI through Standardization Strategies and Tools,SCC_CFP_2025-07-Main-Document_v.1_2025-09-05_EN.pdf,pdf,Tenders - Raw and Annotated/Standards Council of Canada - Advancing AI through Standardization Strategies and Tools/Advancing AI through Standardization Strategies and Tools Raw/SCC_CFP_2025-07-Main-Document_v.1_2025-09-05_EN.pdf,D:\Artificial intelligence\SDA\rfp_project_final\RFP_Project\data\raw\Tenders - Raw and Annotated\Standards Council of Canada - Advancing AI through Standardization Strategies and Tools\Advancing AI through Standardization Strategies and Tools Raw\SCC_CFP_2025-07-Main-Document_v.1_2025-09-05_EN.pdf,766623,2026-06-10T03:00:56,pending,
c726d0404436,ttc___implementation_of_a_high_availability_sql_database_solution,TTC - Implementation of a High Availability SQL Database Solution,1-03.0 Appendix C - Proponent Submission Form.docx,docx,Tenders - Raw and Annotated/TTC - Implementation of a High Availability SQL Database Solution/TTC - Implementation of a High Availability SQL Database Solution - P56PN25083 - Raw/1-03.0 Appendix C - Proponent Submission Form.docx,D:\Artificial intelligence\SDA\rfp_project_final\RFP_Project\data\raw\Tenders - Raw and Annotated\TTC - Implementation of a High Availability SQL Database Solution\TTC - Implementation of a High Availability SQL Database Solution - P56PN25083 - Raw\1-03.0 Appendix C - Proponent Submission Form.docx,41863,2026-06-10T03:01:04,pending,
24d19ba1c73f,ttc___implementation_of_a_high_availability_sql_database_solution,TTC - Implementation of a High Availability SQL Database Solution,3-05.1 Appendix E.1 - References Submission Form.docx,docx,Tenders - Raw and Annotated/TTC - Implementation of a High Availability SQL Database Solution/TTC - Implementation of a High Availability SQL Database Solution - P56PN25083 - Raw/3-05.1 Appendix E.1 - References Submission Form.docx,D:\Artificial intelligence\SDA\rfp_project_final\RFP_Project\data\raw\Tenders - Raw and Annotated\TTC - Implementation of a High Availability SQL Database Solution\TTC - Implementation of a High Availability SQL Database Solution - P56PN25083 - Raw\3-05.1 Appendix E.1 - References Submission Form.docx,43780,2026-06-10T03:01:04,pending,
8c21a7e90a1c,ttc___implementation_of_a_high_availability_sql_database_solution,TTC - Implementation of a High Availability SQL Database Solution,4-01.1 Appendix A.1 – Existing Main and Failover VMS Server Datasheet.pdf,pdf,Tenders - Raw and Annotated/TTC - Implementation of a High Availability SQL Database Solution/TTC - Implementation of a High Availability SQL Database Solution - P56PN25083 - Raw/4-01.1 Appendix A.1 – Existing Main and Failover VMS Server Datasheet.pdf,D:\Artificial intelligence\SDA\rfp_project_final\RFP_Project\data\raw\Tenders - Raw and Annotated\TTC - Implementation of a High Availability SQL Database Solution\TTC - Implementation of a High Availability SQL Database Solution - P56PN25083 - Raw\4-01.1 Appendix A.1 – Existing Main and Failover VMS Server Datasheet.pdf,223623,2026-06-10T03:01:04,pending,
b5ba24f4c4c0,ttc___implementation_of_a_high_availability_sql_database_solution,TTC - Implementation of a High Availability SQL Database Solution,5-05. Appendix E - Rated Criteria Submission Form.docx,docx,Tenders - Raw and Annotated/TTC - Implementation of a High Availability SQL Database Solution/TTC - Implementation of a High Availability SQL Database Solution - P56PN25083 - Raw/5-05. Appendix E - Rated Criteria Submission Form.docx,D:\Artificial intelligence\SDA\rfp_project_final\RFP_Project\data\raw\Tenders - Raw and Annotated\TTC - Implementation of a High Availability SQL Database Solution\TTC - Implementation of a High Availability SQL Database Solution - P56PN25083 - Raw\5-05. Appendix E - Rated Criteria Submission Form.docx,38629,2026-06-10T03:01:04,pending,
a558313a8f1d,ttc___implementation_of_a_high_availability_sql_database_solution,TTC - Implementation of a High Availability SQL Database Solution,6-07.0 Appendix G - Form of Agreement Review Submission Form full.docx,docx,Tenders - Raw and Annotated/TTC - Implementation of a High Availability SQL Database Solution/TTC - Implementation of a High Availability SQL Database Solution - P56PN25083 - Raw/6-07.0 Appendix G - Form of Agreement Review Submission Form full.docx,D:\Artificial intelligence\SDA\rfp_project_final\RFP_Project\data\raw\Tenders - Raw and Annotated\TTC - Implementation of a High Availability SQL Database Solution\TTC - Implementation of a High Availability SQL Database Solution - P56PN25083 - Raw\6-07.0 Appendix G - Form of Agreement Review Submission Form full.docx,604321,2026-06-10T03:01:04,pending,
15dfacb9f8e5,ttc___implementation_of_a_high_availability_sql_database_solution,TTC - Implementation of a High Availability SQL Database Solution,7-00.A1 RFP P56PN25083 Implementation of a High Availability SQL Database Solution - RFP Main Document Addendum1.pdf,pdf,Tenders - Raw and Annotated/TTC - Implementation of a High Availability SQL Database Solution/TTC - Implementation of a High Availability SQL Database Solution - P56PN25083 - Raw/7-00.A1 RFP P56PN25083 Implementation of a High Availability SQL Database Solution - RFP Main Document Addendum1.pdf,D:\Artificial intelligence\SDA\rfp_project_final\RFP_Project\data\raw\Tenders - Raw and Annotated\TTC - Implementation of a High Availability SQL Database Solution\TTC - Implementation of a High Availability SQL Database Solution - P56PN25083 - Raw\7-00.A1 RFP P56PN25083 Implementation of a High Availability SQL Database Solution - RFP Main Document Addendum1.pdf,1512624,2026-06-10T03:01:04,pending,
3d8a2a458acc,ttc___implementation_of_a_high_availability_sql_database_solution,TTC - Implementation of a High Availability SQL Database Solution,8-A01.0 Addendum 1 - Implementation of a High Availability SQL Database Solution.pdf,pdf,Tenders - Raw and Annotated/TTC - Implementation of a High Availability SQL Database Solution/TTC - Implementation of a High Availability SQL Database Solution - P56PN25083 - Raw/8-A01.0 Addendum 1 - Implementation of a High Availability SQL Database Solution.pdf,D:\Artificial intelligence\SDA\rfp_project_final\RFP_Project\data\raw\Tenders - Raw and Annotated\TTC - Implementation of a High Availability SQL Database Solution\TTC - Implementation of a High Availability SQL Database Solution - P56PN25083 - Raw\8-A01.0 Addendum 1 - Implementation of a High Availability SQL Database Solution.pdf,244025,2026-06-10T03:01:04,pending,
b95b7e83bed9,usask___generative_artificial_intelligence_(ai)_software,USask - Generative Artificial Intelligence (AI) Software,Copy of CP-730126 - Generative Artificial Intelligence (AI) Software.docx,docx,Tenders - Raw and Annotated/USask - Generative Artificial Intelligence (AI) Software/Copy of CP-730126 - Generative Artificial Intelligence (AI) Software.docx,D:\Artificial intelligence\SDA\rfp_project_final\RFP_Project\data\raw\Tenders - Raw and Annotated\USask - Generative Artificial Intelligence (AI) Software\Copy of CP-730126 - Generative Artificial Intelligence (AI) Software.docx,3091881,2026-06-10T03:00:58,pending,
a2d139a10dcf,usask___generative_artificial_intelligence_(ai)_software,USask - Generative Artificial Intelligence (AI) Software,RFP CP-730126 - Addenda 2.pdf,pdf,Tenders - Raw and Annotated/USask - Generative Artificial Intelligence (AI) Software/USask - Generative Artificial Intelligence (AI) Software - Raw/RFP CP-730126 - Addenda 2.pdf,D:\Artificial intelligence\SDA\rfp_project_final\RFP_Project\data\raw\Tenders - Raw and Annotated\USask - Generative Artificial Intelligence (AI) Software\USask - Generative Artificial Intelligence (AI) Software - Raw\RFP CP-730126 - Addenda 2.pdf,117454,2026-06-10T03:00:58,pending,
de37018b3973,usask___generative_artificial_intelligence_(ai)_software,USask - Generative Artificial Intelligence (AI) Software,RFP CP-730126 Generative AI RFP.pdf,pdf,Tenders - Raw and Annotated/USask - Generative Artificial Intelligence (AI) Software/USask - Generative Artificial Intelligence (AI) Software - Raw/RFP CP-730126 Generative AI RFP.pdf,D:\Artificial intelligence\SDA\rfp_project_final\RFP_Project\data\raw\Tenders - Raw and Annotated\USask - Generative Artificial Intelligence (AI) Software\USask - Generative Artificial Intelligence (AI) Software - Raw\RFP CP-730126 Generative AI RFP.pdf,347319,2026-06-10T03:00:58,pending,
